MTIw;0JHQtdC70L7RgNGD0YHRgdC60LDRjyDRgtC+0YDQs9C+0LLQvi3Qv9GA0L7QvNGL0YjQu9C10L3QvdCw0Y8g0L/QsNC70LDRgtCw;MQ==;
MTIw;0JHQtdC70L7RgNGD0YHRgdC60LDRjyDRgtC+0YDQs9C+0LLQvi3Qv9GA0L7QvNGL0YjQu9C10L3QvdCw0Y8g0L/QsNC70LDRgtCw;Mzg=;
MTIw;0JHQtdC70L7RgNGD0YHRgdC60LDRjyDRgtC+0YDQs9C+0LLQvi3Qv9GA0L7QvNGL0YjQu9C10L3QvdCw0Y8g0L/QsNC70LDRgtCw;NDE=;
MTIw;0JHQtdC70L7RgNGD0YHRgdC60LDRjyDRgtC+0YDQs9C+0LLQvi3Qv9GA0L7QvNGL0YjQu9C10L3QvdCw0Y8g0L/QsNC70LDRgtCw;MTM=;
MTIw;0JHQtdC70L7RgNGD0YHRgdC60LDRjyDRgtC+0YDQs9C+0LLQvi3Qv9GA0L7QvNGL0YjQu9C10L3QvdCw0Y8g0L/QsNC70LDRgtCw;MzY2;
MTIw;0JHQtdC70L7RgNGD0YHRgdC60LDRjyDRgtC+0YDQs9C+0LLQvi3Qv9GA0L7QvNGL0YjQu9C10L3QvdCw0Y8g0L/QsNC70LDRgtCw;Mzgy;
MTIw;0JHQtdC70L7RgNGD0YHRgdC60LDRjyDRgtC+0YDQs9C+0LLQvi3Qv9GA0L7QvNGL0YjQu9C10L3QvdCw0Y8g0L/QsNC70LDRgtCw;Mzg0;
MTIw;0JHQtdC70L7RgNGD0YHRgdC60LDRjyDRgtC+0YDQs9C+0LLQvi3Qv9GA0L7QvNGL0YjQu9C10L3QvdCw0Y8g0L/QsNC70LDRgtCw;Mzk5;
MTIw;0JHQtdC70L7RgNGD0YHRgdC60LDRjyDRgtC+0YDQs9C+0LLQvi3Qv9GA0L7QvNGL0YjQu9C10L3QvdCw0Y8g0L/QsNC70LDRgtCw;MTY0MjQ=;
MTIw;0JHQtdC70L7RgNGD0YHRgdC60LDRjyDRgtC+0YDQs9C+0LLQvi3Qv9GA0L7QvNGL0YjQu9C10L3QvdCw0Y8g0L/QsNC70LDRgtCw;MTg4;
MTIyMDU=;0KLQvtGA0LPQvtCy0L4t0L/RgNC+0LzRi9GI0LvQtdC90L3QsNGPINC/0LDQu9Cw0YLQsCDQs9C+0YDQvtC00LAg0JDRgdGC0LDQvdCw;MQ==;
MTIyMDU=;0KLQvtGA0LPQvtCy0L4t0L/RgNC+0LzRi9GI0LvQtdC90L3QsNGPINC/0LDQu9Cw0YLQsCDQs9C+0YDQvtC00LAg0JDRgdGC0LDQvdCw;MTM=;
MTIyMDU=;0KLQvtGA0LPQvtCy0L4t0L/RgNC+0LzRi9GI0LvQtdC90L3QsNGPINC/0LDQu9Cw0YLQsCDQs9C+0YDQvtC00LAg0JDRgdGC0LDQvdCw;Mzg=;
MTIyMDU=;0KLQvtGA0LPQvtCy0L4t0L/RgNC+0LzRi9GI0LvQtdC90L3QsNGPINC/0LDQu9Cw0YLQsCDQs9C+0YDQvtC00LAg0JDRgdGC0LDQvdCw;NTI=;
MTIyMDU=;0KLQvtGA0LPQvtCy0L4t0L/RgNC+0LzRi9GI0LvQtdC90L3QsNGPINC/0LDQu9Cw0YLQsCDQs9C+0YDQvtC00LAg0JDRgdGC0LDQvdCw;MTg0;
MTIyMDU=;0KLQvtGA0LPQvtCy0L4t0L/RgNC+0LzRi9GI0LvQtdC90L3QsNGPINC/0LDQu9Cw0YLQsCDQs9C+0YDQvtC00LAg0JDRgdGC0LDQvdCw;MzY2;
MTIyMDU=;0KLQvtGA0LPQvtCy0L4t0L/RgNC+0LzRi9GI0LvQtdC90L3QsNGPINC/0LDQu9Cw0YLQsCDQs9C+0YDQvtC00LAg0JDRgdGC0LDQvdCw;Mzgy;
MTIyMDU=;0KLQvtGA0LPQvtCy0L4t0L/RgNC+0LzRi9GI0LvQtdC90L3QsNGPINC/0LDQu9Cw0YLQsCDQs9C+0YDQvtC00LAg0JDRgdGC0LDQvdCw;Mzg0;
MTIyMDU=;0KLQvtGA0LPQvtCy0L4t0L/RgNC+0LzRi9GI0LvQtdC90L3QsNGPINC/0LDQu9Cw0YLQsCDQs9C+0YDQvtC00LAg0JDRgdGC0LDQvdCw;Mzk5;
MTMy;0KLQvtGA0LPQvtCy0L4t0L/RgNC+0LzRi9GI0LvQtdC90L3QsNGPINC/0LDQu9Cw0YLQsCDQm9Cw0YLQstC40Lg=;MQ==;
MTMy;0KLQvtGA0LPQvtCy0L4t0L/RgNC+0LzRi9GI0LvQtdC90L3QsNGPINC/0LDQu9Cw0YLQsCDQm9Cw0YLQstC40Lg=;Mzg=;
MTMy;0KLQvtGA0LPQvtCy0L4t0L/RgNC+0LzRi9GI0LvQtdC90L3QsNGPINC/0LDQu9Cw0YLQsCDQm9Cw0YLQstC40Lg=;MzY2;
MTMy;0KLQvtGA0LPQvtCy0L4t0L/RgNC+0LzRi9GI0LvQtdC90L3QsNGPINC/0LDQu9Cw0YLQsCDQm9Cw0YLQstC40Lg=;Mzgy;
MTMy;0KLQvtGA0LPQvtCy0L4t0L/RgNC+0LzRi9GI0LvQtdC90L3QsNGPINC/0LDQu9Cw0YLQsCDQm9Cw0YLQstC40Lg=;Mzg0;
MTMy;0KLQvtGA0LPQvtCy0L4t0L/RgNC+0LzRi9GI0LvQtdC90L3QsNGPINC/0LDQu9Cw0YLQsCDQm9Cw0YLQstC40Lg=;Mzk5;
MTcx;0KLQvtGA0LPQvtCy0L4t0L/RgNC+0LzRi9GI0LvQtdC90L3QsNGPINC/0LDQu9Cw0YLQsCDQo9C60YDQsNC40L3Riw==;MQ==;
MTcx;0KLQvtGA0LPQvtCy0L4t0L/RgNC+0LzRi9GI0LvQtdC90L3QsNGPINC/0LDQu9Cw0YLQsCDQo9C60YDQsNC40L3Riw==;Mzg=;
MTcx;0KLQvtGA0LPQvtCy0L4t0L/RgNC+0LzRi9GI0LvQtdC90L3QsNGPINC/0LDQu9Cw0YLQsCDQo9C60YDQsNC40L3Riw==;MTM=;
MTcx;0KLQvtGA0LPQvtCy0L4t0L/RgNC+0LzRi9GI0LvQtdC90L3QsNGPINC/0LDQu9Cw0YLQsCDQo9C60YDQsNC40L3Riw==;MzY2;
MTcx;0KLQvtGA0LPQvtCy0L4t0L/RgNC+0LzRi9GI0LvQtdC90L3QsNGPINC/0LDQu9Cw0YLQsCDQo9C60YDQsNC40L3Riw==;Mzgy;
MTcx;0KLQvtGA0LPQvtCy0L4t0L/RgNC+0LzRi9GI0LvQtdC90L3QsNGPINC/0LDQu9Cw0YLQsCDQo9C60YDQsNC40L3Riw==;Mzg0;
MTcx;0KLQvtGA0LPQvtCy0L4t0L/RgNC+0LzRi9GI0LvQtdC90L3QsNGPINC/0LDQu9Cw0YLQsCDQo9C60YDQsNC40L3Riw==;Mzk5;
MTkw;0KLQvtGA0LPQvtCy0L4t0L/RgNC+0LzRi9GI0LvQtdC90L3QsNGPINC/0LDQu9Cw0YLQsCDQmtCw0LfQsNGF0YHRgtCw0L3QsA==;MQ==;
MTkw;0KLQvtGA0LPQvtCy0L4t0L/RgNC+0LzRi9GI0LvQtdC90L3QsNGPINC/0LDQu9Cw0YLQsCDQmtCw0LfQsNGF0YHRgtCw0L3QsA==;Mzg=;
MTkw;0KLQvtGA0LPQvtCy0L4t0L/RgNC+0LzRi9GI0LvQtdC90L3QsNGPINC/0LDQu9Cw0YLQsCDQmtCw0LfQsNGF0YHRgtCw0L3QsA==;NTI=;
MTkw;0KLQvtGA0LPQvtCy0L4t0L/RgNC+0LzRi9GI0LvQtdC90L3QsNGPINC/0LDQu9Cw0YLQsCDQmtCw0LfQsNGF0YHRgtCw0L3QsA==;MTM=;
MTkw;0KLQvtGA0LPQvtCy0L4t0L/RgNC+0LzRi9GI0LvQtdC90L3QsNGPINC/0LDQu9Cw0YLQsCDQmtCw0LfQsNGF0YHRgtCw0L3QsA==;MTg0;
MTkw;0KLQvtGA0LPQvtCy0L4t0L/RgNC+0LzRi9GI0LvQtdC90L3QsNGPINC/0LDQu9Cw0YLQsCDQmtCw0LfQsNGF0YHRgtCw0L3QsA==;MzY2;
MTkw;0KLQvtGA0LPQvtCy0L4t0L/RgNC+0LzRi9GI0LvQtdC90L3QsNGPINC/0LDQu9Cw0YLQsCDQmtCw0LfQsNGF0YHRgtCw0L3QsA==;Mzgy;
MTkw;0KLQvtGA0LPQvtCy0L4t0L/RgNC+0LzRi9GI0LvQtdC90L3QsNGPINC/0LDQu9Cw0YLQsCDQmtCw0LfQsNGF0YHRgtCw0L3QsA==;Mzg0;
MTkw;0KLQvtGA0LPQvtCy0L4t0L/RgNC+0LzRi9GI0LvQtdC90L3QsNGPINC/0LDQu9Cw0YLQsCDQmtCw0LfQsNGF0YHRgtCw0L3QsA==;Mzk5;
MjMw;0KLQvtGA0LPQvtCy0L4t0L/RgNC+0LzRi9GI0LvQtdC90L3QsNGPINC/0LDQu9Cw0YLQsCDQotGD0YDQutC80LXQvdC40YHRgtCw0L3QsA==;MQ==;
MjMw;0KLQvtGA0LPQvtCy0L4t0L/RgNC+0LzRi9GI0LvQtdC90L3QsNGPINC/0LDQu9Cw0YLQsCDQotGD0YDQutC80LXQvdC40YHRgtCw0L3QsA==;Mzg=;
MjMw;0KLQvtGA0LPQvtCy0L4t0L/RgNC+0LzRi9GI0LvQtdC90L3QsNGPINC/0LDQu9Cw0YLQsCDQotGD0YDQutC80LXQvdC40YHRgtCw0L3QsA==;NTI=;
MjMw;0KLQvtGA0LPQvtCy0L4t0L/RgNC+0LzRi9GI0LvQtdC90L3QsNGPINC/0LDQu9Cw0YLQsCDQotGD0YDQutC80LXQvdC40YHRgtCw0L3QsA==;MzY2;
MjMw;0KLQvtGA0LPQvtCy0L4t0L/RgNC+0LzRi9GI0LvQtdC90L3QsNGPINC/0LDQu9Cw0YLQsCDQotGD0YDQutC80LXQvdC40YHRgtCw0L3QsA==;Mzgy;
MjMw;0KLQvtGA0LPQvtCy0L4t0L/RgNC+0LzRi9GI0LvQtdC90L3QsNGPINC/0LDQu9Cw0YLQsCDQotGD0YDQutC80LXQvdC40YHRgtCw0L3QsA==;Mzg0;
MjMw;0KLQvtGA0LPQvtCy0L4t0L/RgNC+0LzRi9GI0LvQtdC90L3QsNGPINC/0LDQu9Cw0YLQsCDQotGD0YDQutC80LXQvdC40YHRgtCw0L3QsA==;Mzk5;
MjM0;0KLQvtGA0LPQvtCy0L4t0L/RgNC+0LzRi9GI0LvQtdC90L3QsNGPINC/0LDQu9Cw0YLQsCDQo9C30LHQtdC60LjRgdGC0LDQvdCw;MQ==;
MjM0;0KLQvtGA0LPQvtCy0L4t0L/RgNC+0LzRi9GI0LvQtdC90L3QsNGPINC/0LDQu9Cw0YLQsCDQo9C30LHQtdC60LjRgdGC0LDQvdCw;Mzg=;
MjM0;0KLQvtGA0LPQvtCy0L4t0L/RgNC+0LzRi9GI0LvQtdC90L3QsNGPINC/0LDQu9Cw0YLQsCDQo9C30LHQtdC60LjRgdGC0LDQvdCw;NTI=;
MjM0;0KLQvtGA0LPQvtCy0L4t0L/RgNC+0LzRi9GI0LvQtdC90L3QsNGPINC/0LDQu9Cw0YLQsCDQo9C30LHQtdC60LjRgdGC0LDQvdCw;MTM=;
MjM0;0KLQvtGA0LPQvtCy0L4t0L/RgNC+0LzRi9GI0LvQtdC90L3QsNGPINC/0LDQu9Cw0YLQsCDQo9C30LHQtdC60LjRgdGC0LDQvdCw;MzY2;
MjM0;0KLQvtGA0LPQvtCy0L4t0L/RgNC+0LzRi9GI0LvQtdC90L3QsNGPINC/0LDQu9Cw0YLQsCDQo9C30LHQtdC60LjRgdGC0LDQvdCw;Mzgy;
MjM0;0KLQvtGA0LPQvtCy0L4t0L/RgNC+0LzRi9GI0LvQtdC90L3QsNGPINC/0LDQu9Cw0YLQsCDQo9C30LHQtdC60LjRgdGC0LDQvdCw;Mzg0;
MjM0;0KLQvtGA0LPQvtCy0L4t0L/RgNC+0LzRi9GI0LvQtdC90L3QsNGPINC/0LDQu9Cw0YLQsCDQo9C30LHQtdC60LjRgdGC0LDQvdCw;Mzk5;
MjM0;0KLQvtGA0LPQvtCy0L4t0L/RgNC+0LzRi9GI0LvQtdC90L3QsNGPINC/0LDQu9Cw0YLQsCDQo9C30LHQtdC60LjRgdGC0LDQvdCw;MTg4MzU=;
MjM0;0KLQvtGA0LPQvtCy0L4t0L/RgNC+0LzRi9GI0LvQtdC90L3QsNGPINC/0LDQu9Cw0YLQsCDQo9C30LHQtdC60LjRgdGC0LDQvdCw;MTg4;
MjM5;0KLQvtGA0LPQvtCy0L4t0L/RgNC+0LzRi9GI0LvQtdC90L3QsNGPINC/0LDQu9Cw0YLQsCDQmtGL0YDQs9GL0LfRgdC60L7QuSDQoNC10YHQv9GD0LHQu9C40LrQuA==;MQ==;
MjM5;0KLQvtGA0LPQvtCy0L4t0L/RgNC+0LzRi9GI0LvQtdC90L3QsNGPINC/0LDQu9Cw0YLQsCDQmtGL0YDQs9GL0LfRgdC60L7QuSDQoNC10YHQv9GD0LHQu9C40LrQuA==;Mzg=;
MjM5;0KLQvtGA0LPQvtCy0L4t0L/RgNC+0LzRi9GI0LvQtdC90L3QsNGPINC/0LDQu9Cw0YLQsCDQmtGL0YDQs9GL0LfRgdC60L7QuSDQoNC10YHQv9GD0LHQu9C40LrQuA==;NTI=;
MjM5;0KLQvtGA0LPQvtCy0L4t0L/RgNC+0LzRi9GI0LvQtdC90L3QsNGPINC/0LDQu9Cw0YLQsCDQmtGL0YDQs9GL0LfRgdC60L7QuSDQoNC10YHQv9GD0LHQu9C40LrQuA==;MTM=;
MjM5;0KLQvtGA0LPQvtCy0L4t0L/RgNC+0LzRi9GI0LvQtdC90L3QsNGPINC/0LDQu9Cw0YLQsCDQmtGL0YDQs9GL0LfRgdC60L7QuSDQoNC10YHQv9GD0LHQu9C40LrQuA==;MzY2;
MjM5;0KLQvtGA0LPQvtCy0L4t0L/RgNC+0LzRi9GI0LvQtdC90L3QsNGPINC/0LDQu9Cw0YLQsCDQmtGL0YDQs9GL0LfRgdC60L7QuSDQoNC10YHQv9GD0LHQu9C40LrQuA==;Mzgy;
MjM5;0KLQvtGA0LPQvtCy0L4t0L/RgNC+0LzRi9GI0LvQtdC90L3QsNGPINC/0LDQu9Cw0YLQsCDQmtGL0YDQs9GL0LfRgdC60L7QuSDQoNC10YHQv9GD0LHQu9C40LrQuA==;Mzg0;
MjM5;0KLQvtGA0LPQvtCy0L4t0L/RgNC+0LzRi9GI0LvQtdC90L3QsNGPINC/0LDQu9Cw0YLQsCDQmtGL0YDQs9GL0LfRgdC60L7QuSDQoNC10YHQv9GD0LHQu9C40LrQuA==;Mzk5;
MjM5;0KLQvtGA0LPQvtCy0L4t0L/RgNC+0LzRi9GI0LvQtdC90L3QsNGPINC/0LDQu9Cw0YLQsCDQmtGL0YDQs9GL0LfRgdC60L7QuSDQoNC10YHQv9GD0LHQu9C40LrQuA==;MTk4ODI=;
MjM5;0KLQvtGA0LPQvtCy0L4t0L/RgNC+0LzRi9GI0LvQtdC90L3QsNGPINC/0LDQu9Cw0YLQsCDQmtGL0YDQs9GL0LfRgdC60L7QuSDQoNC10YHQv9GD0LHQu9C40LrQuA==;MTg4;
MjQz;0KLQvtGA0LPQvtCy0L4t0L/RgNC+0LzRi9GI0LvQtdC90L3QsNGPINC/0LDQu9Cw0YLQsCDQk9GA0YPQt9C40Lg=;MQ==;
MjQz;0KLQvtGA0LPQvtCy0L4t0L/RgNC+0LzRi9GI0LvQtdC90L3QsNGPINC/0LDQu9Cw0YLQsCDQk9GA0YPQt9C40Lg=;Mzg=;
MjQz;0KLQvtGA0LPQvtCy0L4t0L/RgNC+0LzRi9GI0LvQtdC90L3QsNGPINC/0LDQu9Cw0YLQsCDQk9GA0YPQt9C40Lg=;MTM=;
MjQz;0KLQvtGA0LPQvtCy0L4t0L/RgNC+0LzRi9GI0LvQtdC90L3QsNGPINC/0LDQu9Cw0YLQsCDQk9GA0YPQt9C40Lg=;MzY2;
MjQz;0KLQvtGA0LPQvtCy0L4t0L/RgNC+0LzRi9GI0LvQtdC90L3QsNGPINC/0LDQu9Cw0YLQsCDQk9GA0YPQt9C40Lg=;Mzgy;
MjQz;0KLQvtGA0LPQvtCy0L4t0L/RgNC+0LzRi9GI0LvQtdC90L3QsNGPINC/0LDQu9Cw0YLQsCDQk9GA0YPQt9C40Lg=;Mzg0;
MjQz;0KLQvtGA0LPQvtCy0L4t0L/RgNC+0LzRi9GI0LvQtdC90L3QsNGPINC/0LDQu9Cw0YLQsCDQk9GA0YPQt9C40Lg=;Mzk5;
MjQ0ODI5;0JTQldCb0J7QktCe0Jkg0KbQldCd0KLQoCDQodCd0JM=;MQ==;
MjQ0ODI5;0JTQldCb0J7QktCe0Jkg0KbQldCd0KLQoCDQodCd0JM=;MTM=;
MjQ0ODI5;0JTQldCb0J7QktCe0Jkg0KbQldCd0KLQoCDQodCd0JM=;MzAz;
MjQ0ODI5;0JTQldCb0J7QktCe0Jkg0KbQldCd0KLQoCDQodCd0JM=;Njc2NA==;
MjQ0ODI5;0JTQldCb0J7QktCe0Jkg0KbQldCd0KLQoCDQodCd0JM=;NDM5;
MjQ0ODI5;0JTQldCb0J7QktCe0Jkg0KbQldCd0KLQoCDQodCd0JM=;MzAy;
MjQ0ODI5;0JTQldCb0J7QktCe0Jkg0KbQldCd0KLQoCDQodCd0JM=;MzY2;
MjQ0ODI5;0JTQldCb0J7QktCe0Jkg0KbQldCd0KLQoCDQodCd0JM=;Mzgy;
MjQ0ODI5;0JTQldCb0J7QktCe0Jkg0KbQldCd0KLQoCDQodCd0JM=;Mzg0;
MjQ0ODI5;0JTQldCb0J7QktCe0Jkg0KbQldCd0KLQoCDQodCd0JM=;Mzk5;
MjQ0ODI5;0JTQldCb0J7QktCe0Jkg0KbQldCd0KLQoCDQodCd0JM=;MTg4;
MjQ0ODI5;0JTQldCb0J7QktCe0Jkg0KbQldCd0KLQoCDQodCd0JM=;Njc2Mw==;
MjQ1MDg3;0JrQuNC10LLRgdC60LDRjyDRgtC+0YDQs9C+0LLQvi3Qv9GA0L7QvNGL0YjQu9C10L3QvdCw0Y8g0L/QsNC70LDRgtCw;MQ==;
MjQ1MDg3;0JrQuNC10LLRgdC60LDRjyDRgtC+0YDQs9C+0LLQvi3Qv9GA0L7QvNGL0YjQu9C10L3QvdCw0Y8g0L/QsNC70LDRgtCw;MTM=;
MjQ1MDg3;0JrQuNC10LLRgdC60LDRjyDRgtC+0YDQs9C+0LLQvi3Qv9GA0L7QvNGL0YjQu9C10L3QvdCw0Y8g0L/QsNC70LDRgtCw;MTcx;
MjQ1MDg3;0JrQuNC10LLRgdC60LDRjyDRgtC+0YDQs9C+0LLQvi3Qv9GA0L7QvNGL0YjQu9C10L3QvdCw0Y8g0L/QsNC70LDRgtCw;NDI1;
MjQ1MDg3;0JrQuNC10LLRgdC60LDRjyDRgtC+0YDQs9C+0LLQvi3Qv9GA0L7QvNGL0YjQu9C10L3QvdCw0Y8g0L/QsNC70LDRgtCw;MzY2;
MjQ1MDg3;0JrQuNC10LLRgdC60LDRjyDRgtC+0YDQs9C+0LLQvi3Qv9GA0L7QvNGL0YjQu9C10L3QvdCw0Y8g0L/QsNC70LDRgtCw;Mzgy;
MjQ1MDg3;0JrQuNC10LLRgdC60LDRjyDRgtC+0YDQs9C+0LLQvi3Qv9GA0L7QvNGL0YjQu9C10L3QvdCw0Y8g0L/QsNC70LDRgtCw;Mzg0;
MjQ1MDg3;0JrQuNC10LLRgdC60LDRjyDRgtC+0YDQs9C+0LLQvi3Qv9GA0L7QvNGL0YjQu9C10L3QvdCw0Y8g0L/QsNC70LDRgtCw;Mzk5;
MjQ1MDg3;0JrQuNC10LLRgdC60LDRjyDRgtC+0YDQs9C+0LLQvi3Qv9GA0L7QvNGL0YjQu9C10L3QvdCw0Y8g0L/QsNC70LDRgtCw;MjA3ODY=;
MjQ1MDg3;0JrQuNC10LLRgdC60LDRjyDRgtC+0YDQs9C+0LLQvi3Qv9GA0L7QvNGL0YjQu9C10L3QvdCw0Y8g0L/QsNC70LDRgtCw;MjA3ODc=;
MjQ1MDg3;0JrQuNC10LLRgdC60LDRjyDRgtC+0YDQs9C+0LLQvi3Qv9GA0L7QvNGL0YjQu9C10L3QvdCw0Y8g0L/QsNC70LDRgtCw;MTg4;
MjQ2;0JTQtdC70L7QstC+0Lkg0KbQtdC90YLRgCDQrdC60L7QvdC+0LzQuNGH0LXRgdC60L7Qs9C+INCg0LDQt9Cy0LjRgtC40Y8g0JDRgNC80LXQvdC40Lg=;MQ==;
MjQ2;0JTQtdC70L7QstC+0Lkg0KbQtdC90YLRgCDQrdC60L7QvdC+0LzQuNGH0LXRgdC60L7Qs9C+INCg0LDQt9Cy0LjRgtC40Y8g0JDRgNC80LXQvdC40Lg=;MTM=;
MjQ2;0JTQtdC70L7QstC+0Lkg0KbQtdC90YLRgCDQrdC60L7QvdC+0LzQuNGH0LXRgdC60L7Qs9C+INCg0LDQt9Cy0LjRgtC40Y8g0JDRgNC80LXQvdC40Lg=;MTg4;
MjQ2;0JTQtdC70L7QstC+0Lkg0KbQtdC90YLRgCDQrdC60L7QvdC+0LzQuNGH0LXRgdC60L7Qs9C+INCg0LDQt9Cy0LjRgtC40Y8g0JDRgNC80LXQvdC40Lg=;MzY2;
MjQ2;0JTQtdC70L7QstC+0Lkg0KbQtdC90YLRgCDQrdC60L7QvdC+0LzQuNGH0LXRgdC60L7Qs9C+INCg0LDQt9Cy0LjRgtC40Y8g0JDRgNC80LXQvdC40Lg=;Mzgy;
MjQ2;0JTQtdC70L7QstC+0Lkg0KbQtdC90YLRgCDQrdC60L7QvdC+0LzQuNGH0LXRgdC60L7Qs9C+INCg0LDQt9Cy0LjRgtC40Y8g0JDRgNC80LXQvdC40Lg=;Mzgz;
MjQ2;0JTQtdC70L7QstC+0Lkg0KbQtdC90YLRgCDQrdC60L7QvdC+0LzQuNGH0LXRgdC60L7Qs9C+INCg0LDQt9Cy0LjRgtC40Y8g0JDRgNC80LXQvdC40Lg=;Mzg0;
MjQ2;0JTQtdC70L7QstC+0Lkg0KbQtdC90YLRgCDQrdC60L7QvdC+0LzQuNGH0LXRgdC60L7Qs9C+INCg0LDQt9Cy0LjRgtC40Y8g0JDRgNC80LXQvdC40Lg=;Mzg4;
MjQ2;0JTQtdC70L7QstC+0Lkg0KbQtdC90YLRgCDQrdC60L7QvdC+0LzQuNGH0LXRgdC60L7Qs9C+INCg0LDQt9Cy0LjRgtC40Y8g0JDRgNC80LXQvdC40Lg=;Mzkx;
MjQ2;0JTQtdC70L7QstC+0Lkg0KbQtdC90YLRgCDQrdC60L7QvdC+0LzQuNGH0LXRgdC60L7Qs9C+INCg0LDQt9Cy0LjRgtC40Y8g0JDRgNC80LXQvdC40Lg=;Mzk5;
MjQ2;0JTQtdC70L7QstC+0Lkg0KbQtdC90YLRgCDQrdC60L7QvdC+0LzQuNGH0LXRgdC60L7Qs9C+INCg0LDQt9Cy0LjRgtC40Y8g0JDRgNC80LXQvdC40Lg=;NDM2;
MjQ2;0JTQtdC70L7QstC+0Lkg0KbQtdC90YLRgCDQrdC60L7QvdC+0LzQuNGH0LXRgdC60L7Qs9C+INCg0LDQt9Cy0LjRgtC40Y8g0JDRgNC80LXQvdC40Lg=;MjA4ODE=;
MjQ2;0JTQtdC70L7QstC+0Lkg0KbQtdC90YLRgCDQrdC60L7QvdC+0LzQuNGH0LXRgdC60L7Qs9C+INCg0LDQt9Cy0LjRgtC40Y8g0JDRgNC80LXQvdC40Lg=;MjA4ODI=;
MjUw;0KLQvtGA0LPQvtCy0L4t0L/RgNC+0LzRi9GI0LvQtdC90L3QsNGPINC/0LDQu9Cw0YLQsCDQkNC30LXRgNCx0LDQudC00LbQsNC90YHQutC+0Lkg0KDQtdGB0L/Rg9Cx0LvQuNC60Lg=;MQ==;
MjUw;0KLQvtGA0LPQvtCy0L4t0L/RgNC+0LzRi9GI0LvQtdC90L3QsNGPINC/0LDQu9Cw0YLQsCDQkNC30LXRgNCx0LDQudC00LbQsNC90YHQutC+0Lkg0KDQtdGB0L/Rg9Cx0LvQuNC60Lg=;MTM=;
MjUw;0KLQvtGA0LPQvtCy0L4t0L/RgNC+0LzRi9GI0LvQtdC90L3QsNGPINC/0LDQu9Cw0YLQsCDQkNC30LXRgNCx0LDQudC00LbQsNC90YHQutC+0Lkg0KDQtdGB0L/Rg9Cx0LvQuNC60Lg=;MTg4;
MjUw;0KLQvtGA0LPQvtCy0L4t0L/RgNC+0LzRi9GI0LvQtdC90L3QsNGPINC/0LDQu9Cw0YLQsCDQkNC30LXRgNCx0LDQudC00LbQsNC90YHQutC+0Lkg0KDQtdGB0L/Rg9Cx0LvQuNC60Lg=;Mjkw;
MjUw;0KLQvtGA0LPQvtCy0L4t0L/RgNC+0LzRi9GI0LvQtdC90L3QsNGPINC/0LDQu9Cw0YLQsCDQkNC30LXRgNCx0LDQudC00LbQsNC90YHQutC+0Lkg0KDQtdGB0L/Rg9Cx0LvQuNC60Lg=;NTA0OA==;
MjUw;0KLQvtGA0LPQvtCy0L4t0L/RgNC+0LzRi9GI0LvQtdC90L3QsNGPINC/0LDQu9Cw0YLQsCDQkNC30LXRgNCx0LDQudC00LbQsNC90YHQutC+0Lkg0KDQtdGB0L/Rg9Cx0LvQuNC60Lg=;NTA1Mw==;
MjUw;0KLQvtGA0LPQvtCy0L4t0L/RgNC+0LzRi9GI0LvQtdC90L3QsNGPINC/0LDQu9Cw0YLQsCDQkNC30LXRgNCx0LDQudC00LbQsNC90YHQutC+0Lkg0KDQtdGB0L/Rg9Cx0LvQuNC60Lg=;NTA1NA==;
MjUw;0KLQvtGA0LPQvtCy0L4t0L/RgNC+0LzRi9GI0LvQtdC90L3QsNGPINC/0LDQu9Cw0YLQsCDQkNC30LXRgNCx0LDQudC00LbQsNC90YHQutC+0Lkg0KDQtdGB0L/Rg9Cx0LvQuNC60Lg=;NTA1NQ==;
MjUw;0KLQvtGA0LPQvtCy0L4t0L/RgNC+0LzRi9GI0LvQtdC90L3QsNGPINC/0LDQu9Cw0YLQsCDQkNC30LXRgNCx0LDQudC00LbQsNC90YHQutC+0Lkg0KDQtdGB0L/Rg9Cx0LvQuNC60Lg=;NTA1MQ==;
MjUw;0KLQvtGA0LPQvtCy0L4t0L/RgNC+0LzRi9GI0LvQtdC90L3QsNGPINC/0LDQu9Cw0YLQsCDQkNC30LXRgNCx0LDQudC00LbQsNC90YHQutC+0Lkg0KDQtdGB0L/Rg9Cx0LvQuNC60Lg=;NTA1Ng==;
MjUw;0KLQvtGA0LPQvtCy0L4t0L/RgNC+0LzRi9GI0LvQtdC90L3QsNGPINC/0LDQu9Cw0YLQsCDQkNC30LXRgNCx0LDQudC00LbQsNC90YHQutC+0Lkg0KDQtdGB0L/Rg9Cx0LvQuNC60Lg=;NTA1Nw==;
MjUw;0KLQvtGA0LPQvtCy0L4t0L/RgNC+0LzRi9GI0LvQtdC90L3QsNGPINC/0LDQu9Cw0YLQsCDQkNC30LXRgNCx0LDQudC00LbQsNC90YHQutC+0Lkg0KDQtdGB0L/Rg9Cx0LvQuNC60Lg=;NTA2NQ==;
MjUw;0KLQvtGA0LPQvtCy0L4t0L/RgNC+0LzRi9GI0LvQtdC90L3QsNGPINC/0LDQu9Cw0YLQsCDQkNC30LXRgNCx0LDQudC00LbQsNC90YHQutC+0Lkg0KDQtdGB0L/Rg9Cx0LvQuNC60Lg=;NTA2Ng==;
MjUw;0KLQvtGA0LPQvtCy0L4t0L/RgNC+0LzRi9GI0LvQtdC90L3QsNGPINC/0LDQu9Cw0YLQsCDQkNC30LXRgNCx0LDQudC00LbQsNC90YHQutC+0Lkg0KDQtdGB0L/Rg9Cx0LvQuNC60Lg=;NTA2Nw==;
MjUw;0KLQvtGA0LPQvtCy0L4t0L/RgNC+0LzRi9GI0LvQtdC90L3QsNGPINC/0LDQu9Cw0YLQsCDQkNC30LXRgNCx0LDQudC00LbQsNC90YHQutC+0Lkg0KDQtdGB0L/Rg9Cx0LvQuNC60Lg=;NTA2MA==;
MjU0NTg3;0KLQvtGA0LPQvtCy0L4t0L/RgNC+0LzRi9GI0LvQtdC90L3QsNGPINC/0LDQu9Cw0YLQsCDQoNC10YPRgtC+0LLQsA==;MzY2;
MjU0NTg3;0KLQvtGA0LPQvtCy0L4t0L/RgNC+0LzRi9GI0LvQtdC90L3QsNGPINC/0LDQu9Cw0YLQsCDQoNC10YPRgtC+0LLQsA==;Mzgy;
MjU0NTg3;0KLQvtGA0LPQvtCy0L4t0L/RgNC+0LzRi9GI0LvQtdC90L3QsNGPINC/0LDQu9Cw0YLQsCDQoNC10YPRgtC+0LLQsA==;Mzg0;
MjU0NTg3;0KLQvtGA0LPQvtCy0L4t0L/RgNC+0LzRi9GI0LvQtdC90L3QsNGPINC/0LDQu9Cw0YLQsCDQoNC10YPRgtC+0LLQsA==;Mzk5;
MjU0NTg3;0KLQvtGA0LPQvtCy0L4t0L/RgNC+0LzRi9GI0LvQtdC90L3QsNGPINC/0LDQu9Cw0YLQsCDQoNC10YPRgtC+0LLQsA==;MTg4;
MjU0NTg4;0KLQvtGA0LPQvtCy0L4t0L/RgNC+0LzRi9GI0LvQtdC90L3QsNGPINC/0LDQu9Cw0YLQsCDQktC+0YDQvtC90LXQttGB0LrQvtC5INC+0LHQu9Cw0YHRgtC4;MzY2;
MjU0NTg4;0KLQvtGA0LPQvtCy0L4t0L/RgNC+0LzRi9GI0LvQtdC90L3QsNGPINC/0LDQu9Cw0YLQsCDQktC+0YDQvtC90LXQttGB0LrQvtC5INC+0LHQu9Cw0YHRgtC4;Mzgy;
MjU0NTg4;0KLQvtGA0LPQvtCy0L4t0L/RgNC+0LzRi9GI0LvQtdC90L3QsNGPINC/0LDQu9Cw0YLQsCDQktC+0YDQvtC90LXQttGB0LrQvtC5INC+0LHQu9Cw0YHRgtC4;Mzg0;
MjU0NTg4;0KLQvtGA0LPQvtCy0L4t0L/RgNC+0LzRi9GI0LvQtdC90L3QsNGPINC/0LDQu9Cw0YLQsCDQktC+0YDQvtC90LXQttGB0LrQvtC5INC+0LHQu9Cw0YHRgtC4;Mzk5;
MjU0NTg5;0KLQvtGA0LPQvtCy0L4t0L/RgNC+0LzRi9GI0LvQtdC90L3QsNGPINC/0LDQu9Cw0YLQsCDQotCw0YLQsNGA0YHRgtCw0L3QsA==;MzY2;
MjU0NTg5;0KLQvtGA0LPQvtCy0L4t0L/RgNC+0LzRi9GI0LvQtdC90L3QsNGPINC/0LDQu9Cw0YLQsCDQotCw0YLQsNGA0YHRgtCw0L3QsA==;Mzgy;
MjU0NTg5;0KLQvtGA0LPQvtCy0L4t0L/RgNC+0LzRi9GI0LvQtdC90L3QsNGPINC/0LDQu9Cw0YLQsCDQotCw0YLQsNGA0YHRgtCw0L3QsA==;Mzg0;
MjU0NTg5;0KLQvtGA0LPQvtCy0L4t0L/RgNC+0LzRi9GI0LvQtdC90L3QsNGPINC/0LDQu9Cw0YLQsCDQotCw0YLQsNGA0YHRgtCw0L3QsA==;Mzk5;
MjU0NTg5;0KLQvtGA0LPQvtCy0L4t0L/RgNC+0LzRi9GI0LvQtdC90L3QsNGPINC/0LDQu9Cw0YLQsCDQotCw0YLQsNGA0YHRgtCw0L3QsA==;MTAxMTY=;
MjU0NTkx;0KLQvtGA0LPQvtCy0L4t0L/RgNC+0LzRi9GI0LvQtdC90L3QsNGPINC/0LDQu9Cw0YLQsCDQnNC+0YDQtNC+0LLQuNC4;MzY2;
MjU0NTkx;0KLQvtGA0LPQvtCy0L4t0L/RgNC+0LzRi9GI0LvQtdC90L3QsNGPINC/0LDQu9Cw0YLQsCDQnNC+0YDQtNC+0LLQuNC4;Mzgy;
MjU0NTkx;0KLQvtGA0LPQvtCy0L4t0L/RgNC+0LzRi9GI0LvQtdC90L3QsNGPINC/0LDQu9Cw0YLQsCDQnNC+0YDQtNC+0LLQuNC4;Mzg0;
MjU0NTkx;0KLQvtGA0LPQvtCy0L4t0L/RgNC+0LzRi9GI0LvQtdC90L3QsNGPINC/0LDQu9Cw0YLQsCDQnNC+0YDQtNC+0LLQuNC4;Mzk5;
MjU0NTkx;0KLQvtGA0LPQvtCy0L4t0L/RgNC+0LzRi9GI0LvQtdC90L3QsNGPINC/0LDQu9Cw0YLQsCDQnNC+0YDQtNC+0LLQuNC4;MTg5MTM=;
MjU0NTkx;0KLQvtGA0LPQvtCy0L4t0L/RgNC+0LzRi9GI0LvQtdC90L3QsNGPINC/0LDQu9Cw0YLQsCDQnNC+0YDQtNC+0LLQuNC4;MTg4;
MjU0NTky;0KLQvtGA0LPQvtCy0L4t0L/RgNC+0LzRi9GI0LvQtdC90L3QsNGPINC/0LDQu9Cw0YLQsCDQkdCw0YjQutC+0YDRgtC+0YHRgtCw0L3QsA==;MzY2;
MjU0NTky;0KLQvtGA0LPQvtCy0L4t0L/RgNC+0LzRi9GI0LvQtdC90L3QsNGPINC/0LDQu9Cw0YLQsCDQkdCw0YjQutC+0YDRgtC+0YHRgtCw0L3QsA==;Mzgy;
MjU0NTky;0KLQvtGA0LPQvtCy0L4t0L/RgNC+0LzRi9GI0LvQtdC90L3QsNGPINC/0LDQu9Cw0YLQsCDQkdCw0YjQutC+0YDRgtC+0YHRgtCw0L3QsA==;Mzg0;
MjU0NTky;0KLQvtGA0LPQvtCy0L4t0L/RgNC+0LzRi9GI0LvQtdC90L3QsNGPINC/0LDQu9Cw0YLQsCDQkdCw0YjQutC+0YDRgtC+0YHRgtCw0L3QsA==;Mzk5;
MjU0NTky;0KLQvtGA0LPQvtCy0L4t0L/RgNC+0LzRi9GI0LvQtdC90L3QsNGPINC/0LDQu9Cw0YLQsCDQkdCw0YjQutC+0YDRgtC+0YHRgtCw0L3QsA==;MTY0MjQ=;
MjU0NTky;0KLQvtGA0LPQvtCy0L4t0L/RgNC+0LzRi9GI0LvQtdC90L3QsNGPINC/0LDQu9Cw0YLQsCDQkdCw0YjQutC+0YDRgtC+0YHRgtCw0L3QsA==;MTk4ODM=;
MjU0NTky;0KLQvtGA0LPQvtCy0L4t0L/RgNC+0LzRi9GI0LvQtdC90L3QsNGPINC/0LDQu9Cw0YLQsCDQkdCw0YjQutC+0YDRgtC+0YHRgtCw0L3QsA==;MTg4;
MjU0NTkz;0KLQvtGA0LPQvtCy0L4t0L/RgNC+0LzRi9GI0LvQtdC90L3QsNGPINC/0LDQu9Cw0YLQsCDQntGA0LXQvdCx0YPRgNCz0YHQutC+0Lkg0L7QsdC70LDRgdGC0Lg=;MzY2;
MjU0NTkz;0KLQvtGA0LPQvtCy0L4t0L/RgNC+0LzRi9GI0LvQtdC90L3QsNGPINC/0LDQu9Cw0YLQsCDQntGA0LXQvdCx0YPRgNCz0YHQutC+0Lkg0L7QsdC70LDRgdGC0Lg=;Mzgy;
MjU0NTkz;0KLQvtGA0LPQvtCy0L4t0L/RgNC+0LzRi9GI0LvQtdC90L3QsNGPINC/0LDQu9Cw0YLQsCDQntGA0LXQvdCx0YPRgNCz0YHQutC+0Lkg0L7QsdC70LDRgdGC0Lg=;Mzg0;
MjU0NTkz;0KLQvtGA0LPQvtCy0L4t0L/RgNC+0LzRi9GI0LvQtdC90L3QsNGPINC/0LDQu9Cw0YLQsCDQntGA0LXQvdCx0YPRgNCz0YHQutC+0Lkg0L7QsdC70LDRgdGC0Lg=;Mzk5;
MjU0NTkz;0KLQvtGA0LPQvtCy0L4t0L/RgNC+0LzRi9GI0LvQtdC90L3QsNGPINC/0LDQu9Cw0YLQsCDQntGA0LXQvdCx0YPRgNCz0YHQutC+0Lkg0L7QsdC70LDRgdGC0Lg=;MjA5MjE=;
MjU0NTk3;0KLQvtGA0LPQvtCy0L4t0L/RgNC+0LzRi9GI0LvQtdC90L3QsNGPINC/0LDQu9Cw0YLQsCDQmtGA0LDRgdC90L7QtNCw0YDRgdC60L7Qs9C+INC60YDQsNGP;MTg5Mjg=;
MjU0NTk3;0KLQvtGA0LPQvtCy0L4t0L/RgNC+0LzRi9GI0LvQtdC90L3QsNGPINC/0LDQu9Cw0YLQsCDQmtGA0LDRgdC90L7QtNCw0YDRgdC60L7Qs9C+INC60YDQsNGP;MTk4ODU=;
MjU0NTk3;0KLQvtGA0LPQvtCy0L4t0L/RgNC+0LzRi9GI0LvQtdC90L3QsNGPINC/0LDQu9Cw0YLQsCDQmtGA0LDRgdC90L7QtNCw0YDRgdC60L7Qs9C+INC60YDQsNGP;MjA5NzY=;
MjU0NTk3;0KLQvtGA0LPQvtCy0L4t0L/RgNC+0LzRi9GI0LvQtdC90L3QsNGPINC/0LDQu9Cw0YLQsCDQmtGA0LDRgdC90L7QtNCw0YDRgdC60L7Qs9C+INC60YDQsNGP;NDEx;
MjU0NTk3;0KLQvtGA0LPQvtCy0L4t0L/RgNC+0LzRi9GI0LvQtdC90L3QsNGPINC/0LDQu9Cw0YLQsCDQmtGA0LDRgdC90L7QtNCw0YDRgdC60L7Qs9C+INC60YDQsNGP;NTA3MA==;
MjU0NTk3;0KLQvtGA0LPQvtCy0L4t0L/RgNC+0LzRi9GI0LvQtdC90L3QsNGPINC/0LDQu9Cw0YLQsCDQmtGA0LDRgdC90L7QtNCw0YDRgdC60L7Qs9C+INC60YDQsNGP;MzY2;
MjU1;0JTQtdC70L7QstC+0Lkg0KbQtdC90YLRgCDQmNC30YDQsNC40LvRjw==;Njc=;
MjU1;0JTQtdC70L7QstC+0Lkg0KbQtdC90YLRgCDQmNC30YDQsNC40LvRjw==;MTU=;
MjU1;0JTQtdC70L7QstC+0Lkg0KbQtdC90YLRgCDQmNC30YDQsNC40LvRjw==;Mzg=;
MjU1;0JTQtdC70L7QstC+0Lkg0KbQtdC90YLRgCDQmNC30YDQsNC40LvRjw==;MQ==;
MjU1;0JTQtdC70L7QstC+0Lkg0KbQtdC90YLRgCDQmNC30YDQsNC40LvRjw==;MTM=;
MjU1;0JTQtdC70L7QstC+0Lkg0KbQtdC90YLRgCDQmNC30YDQsNC40LvRjw==;MzY2;
MjU1;0JTQtdC70L7QstC+0Lkg0KbQtdC90YLRgCDQmNC30YDQsNC40LvRjw==;Mzgy;
MjU1;0JTQtdC70L7QstC+0Lkg0KbQtdC90YLRgCDQmNC30YDQsNC40LvRjw==;Mzg0;
MjU1;0JTQtdC70L7QstC+0Lkg0KbQtdC90YLRgCDQmNC30YDQsNC40LvRjw==;Mzk5;
MjU1;0JTQtdC70L7QstC+0Lkg0KbQtdC90YLRgCDQmNC30YDQsNC40LvRjw==;MTg4;
MjY1MTI5;0JzQtdC20LTRg9C90LDRgNC+0LTQvdGL0Lkg0JTQtdC70L7QstC+0Lkg0KbQtdC90YLRgA==;MzY2;
MjY1MTI5;0JzQtdC20LTRg9C90LDRgNC+0LTQvdGL0Lkg0JTQtdC70L7QstC+0Lkg0KbQtdC90YLRgA==;Mzgy;
MjY1MTI5;0JzQtdC20LTRg9C90LDRgNC+0LTQvdGL0Lkg0JTQtdC70L7QstC+0Lkg0KbQtdC90YLRgA==;Mzg0;
MjY1MTI5;0JzQtdC20LTRg9C90LDRgNC+0LTQvdGL0Lkg0JTQtdC70L7QstC+0Lkg0KbQtdC90YLRgA==;Mzk5;
MjY1MTI5;0JzQtdC20LTRg9C90LDRgNC+0LTQvdGL0Lkg0JTQtdC70L7QstC+0Lkg0KbQtdC90YLRgA==;MTAxNDU=;
MjY1MTI5;0JzQtdC20LTRg9C90LDRgNC+0LTQvdGL0Lkg0JTQtdC70L7QstC+0Lkg0KbQtdC90YLRgA==;MTg4;
Mjkw;0KLQvtGA0LPQvtCy0L4t0L/RgNC+0LzRi9GI0LvQtdC90L3QsNGPINC/0LDQu9Cw0YLQsCDQoNC10YHQv9GD0LHQu9C40LrQuCDQotCw0LTQttC40LrQuNGB0YLQsNC9;MQ==;
Mjkw;0KLQvtGA0LPQvtCy0L4t0L/RgNC+0LzRi9GI0LvQtdC90L3QsNGPINC/0LDQu9Cw0YLQsCDQoNC10YHQv9GD0LHQu9C40LrQuCDQotCw0LTQttC40LrQuNGB0YLQsNC9;Mzg=;
Mjkw;0KLQvtGA0LPQvtCy0L4t0L/RgNC+0LzRi9GI0LvQtdC90L3QsNGPINC/0LDQu9Cw0YLQsCDQoNC10YHQv9GD0LHQu9C40LrQuCDQotCw0LTQttC40LrQuNGB0YLQsNC9;NTI=;
Mjkw;0KLQvtGA0LPQvtCy0L4t0L/RgNC+0LzRi9GI0LvQtdC90L3QsNGPINC/0LDQu9Cw0YLQsCDQoNC10YHQv9GD0LHQu9C40LrQuCDQotCw0LTQttC40LrQuNGB0YLQsNC9;MzY2;
Mjkw;0KLQvtGA0LPQvtCy0L4t0L/RgNC+0LzRi9GI0LvQtdC90L3QsNGPINC/0LDQu9Cw0YLQsCDQoNC10YHQv9GD0LHQu9C40LrQuCDQotCw0LTQttC40LrQuNGB0YLQsNC9;Mzgy;
Mjkw;0KLQvtGA0LPQvtCy0L4t0L/RgNC+0LzRi9GI0LvQtdC90L3QsNGPINC/0LDQu9Cw0YLQsCDQoNC10YHQv9GD0LHQu9C40LrQuCDQotCw0LTQttC40LrQuNGB0YLQsNC9;Mzg0;
Mjkw;0KLQvtGA0LPQvtCy0L4t0L/RgNC+0LzRi9GI0LvQtdC90L3QsNGPINC/0LDQu9Cw0YLQsCDQoNC10YHQv9GD0LHQu9C40LrQuCDQotCw0LTQttC40LrQuNGB0YLQsNC9;Mzk5;
MzAwNzc2;0JDRgdGC0YDQsNGF0LDQvdGB0LrQsNGPINGC0L7RgNCz0L7QstC+LdC/0YDQvtC80YvRiNC70LXQvdC90LDRjyDQv9Cw0LvQsNGC0LA=;MzY2;
MzAwNzc2;0JDRgdGC0YDQsNGF0LDQvdGB0LrQsNGPINGC0L7RgNCz0L7QstC+LdC/0YDQvtC80YvRiNC70LXQvdC90LDRjyDQv9Cw0LvQsNGC0LA=;Mzgy;
MzAwNzc2;0JDRgdGC0YDQsNGF0LDQvdGB0LrQsNGPINGC0L7RgNCz0L7QstC+LdC/0YDQvtC80YvRiNC70LXQvdC90LDRjyDQv9Cw0LvQsNGC0LA=;Mzg0;
MzAwNzc2;0JDRgdGC0YDQsNGF0LDQvdGB0LrQsNGPINGC0L7RgNCz0L7QstC+LdC/0YDQvtC80YvRiNC70LXQvdC90LDRjyDQv9Cw0LvQsNGC0LA=;Mzk5;
MzAwNzc3;0KPRgNCw0LvRjNGB0LrQsNGPINGC0L7RgNCz0L7QstC+LdC/0YDQvtC80YvRiNC70LXQvdC90LDRjyDQv9Cw0LvQsNGC0LA=;MzY2;
MzAwNzc3;0KPRgNCw0LvRjNGB0LrQsNGPINGC0L7RgNCz0L7QstC+LdC/0YDQvtC80YvRiNC70LXQvdC90LDRjyDQv9Cw0LvQsNGC0LA=;Mzgy;
MzAwNzc3;0KPRgNCw0LvRjNGB0LrQsNGPINGC0L7RgNCz0L7QstC+LdC/0YDQvtC80YvRiNC70LXQvdC90LDRjyDQv9Cw0LvQsNGC0LA=;Mzg0;
MzAwNzc3;0KPRgNCw0LvRjNGB0LrQsNGPINGC0L7RgNCz0L7QstC+LdC/0YDQvtC80YvRiNC70LXQvdC90LDRjyDQv9Cw0LvQsNGC0LA=;Mzk5;
MzAwNzc3;0KPRgNCw0LvRjNGB0LrQsNGPINGC0L7RgNCz0L7QstC+LdC/0YDQvtC80YvRiNC70LXQvdC90LDRjyDQv9Cw0LvQsNGC0LA=;MTk3OTY=;
MzAwNzc3;0KPRgNCw0LvRjNGB0LrQsNGPINGC0L7RgNCz0L7QstC+LdC/0YDQvtC80YvRiNC70LXQvdC90LDRjyDQv9Cw0LvQsNGC0LA=;MTg4;
MzAyMzMz;0J7QvNGB0LrQsNGPINGC0L7RgNCz0L7QstC+LdC/0YDQvtC80YvRiNC70LXQvdC90LDRjyDQv9Cw0LvQsNGC0LA=;MzY2;
MzAyMzMz;0J7QvNGB0LrQsNGPINGC0L7RgNCz0L7QstC+LdC/0YDQvtC80YvRiNC70LXQvdC90LDRjyDQv9Cw0LvQsNGC0LA=;Mzgy;
MzAyMzMz;0J7QvNGB0LrQsNGPINGC0L7RgNCz0L7QstC+LdC/0YDQvtC80YvRiNC70LXQvdC90LDRjyDQv9Cw0LvQsNGC0LA=;Mzg0;
MzAyMzMz;0J7QvNGB0LrQsNGPINGC0L7RgNCz0L7QstC+LdC/0YDQvtC80YvRiNC70LXQvdC90LDRjyDQv9Cw0LvQsNGC0LA=;Mzk5;
MzAzOTc=;INCT0LjQu9GM0LTQuNGPINGA0L7RgdGB0LjQudGB0LrQuNGFINCw0LTQstC+0LrQsNGC0L7Qsg==;MQ==;
MzAzOTc=;INCT0LjQu9GM0LTQuNGPINGA0L7RgdGB0LjQudGB0LrQuNGFINCw0LTQstC+0LrQsNGC0L7Qsg==;MTM=;
MzAzOTc=;INCT0LjQu9GM0LTQuNGPINGA0L7RgdGB0LjQudGB0LrQuNGFINCw0LTQstC+0LrQsNGC0L7Qsg==;Mzg=;
MzAzOTc=;INCT0LjQu9GM0LTQuNGPINGA0L7RgdGB0LjQudGB0LrQuNGFINCw0LTQstC+0LrQsNGC0L7Qsg==;MTg2;
MzAzOTc=;INCT0LjQu9GM0LTQuNGPINGA0L7RgdGB0LjQudGB0LrQuNGFINCw0LTQstC+0LrQsNGC0L7Qsg==;MzY2;
MzAzOTc=;INCT0LjQu9GM0LTQuNGPINGA0L7RgdGB0LjQudGB0LrQuNGFINCw0LTQstC+0LrQsNGC0L7Qsg==;Mzgy;
MzAzOTc=;INCT0LjQu9GM0LTQuNGPINGA0L7RgdGB0LjQudGB0LrQuNGFINCw0LTQstC+0LrQsNGC0L7Qsg==;Mzg0;
MzAzOTc=;INCT0LjQu9GM0LTQuNGPINGA0L7RgdGB0LjQudGB0LrQuNGFINCw0LTQstC+0LrQsNGC0L7Qsg==;Mzk5;
MzAzOTc=;INCT0LjQu9GM0LTQuNGPINGA0L7RgdGB0LjQudGB0LrQuNGFINCw0LTQstC+0LrQsNGC0L7Qsg==;MTg4;
MzA1MDA=;0KTRg9C90LTQsNGG0LjRjyDQkNC00LLQvtC60LDRgtC+0LIg0KPQutGA0LDQuNC90Ys=;MTM=;
MzA1MDA=;0KTRg9C90LTQsNGG0LjRjyDQkNC00LLQvtC60LDRgtC+0LIg0KPQutGA0LDQuNC90Ys=;MQ==;
MzA1MDA=;0KTRg9C90LTQsNGG0LjRjyDQkNC00LLQvtC60LDRgtC+0LIg0KPQutGA0LDQuNC90Ys=;MzY2;
MzA1MDA=;0KTRg9C90LTQsNGG0LjRjyDQkNC00LLQvtC60LDRgtC+0LIg0KPQutGA0LDQuNC90Ys=;NDEy;
MzA1MDA=;0KTRg9C90LTQsNGG0LjRjyDQkNC00LLQvtC60LDRgtC+0LIg0KPQutGA0LDQuNC90Ys=;NDEy;
MzA1MDA=;0KTRg9C90LTQsNGG0LjRjyDQkNC00LLQvtC60LDRgtC+0LIg0KPQutGA0LDQuNC90Ys=;NDE0;
MzA1MDA=;0KTRg9C90LTQsNGG0LjRjyDQkNC00LLQvtC60LDRgtC+0LIg0KPQutGA0LDQuNC90Ys=;NDE1;
MzA1MDA=;0KTRg9C90LTQsNGG0LjRjyDQkNC00LLQvtC60LDRgtC+0LIg0KPQutGA0LDQuNC90Ys=;NDEy;
MzA1MDA=;0KTRg9C90LTQsNGG0LjRjyDQkNC00LLQvtC60LDRgtC+0LIg0KPQutGA0LDQuNC90Ys=;NDE0;
MzA1MDA=;0KTRg9C90LTQsNGG0LjRjyDQkNC00LLQvtC60LDRgtC+0LIg0KPQutGA0LDQuNC90Ys=;NDE1;
MzA1MDA=;0KTRg9C90LTQsNGG0LjRjyDQkNC00LLQvtC60LDRgtC+0LIg0KPQutGA0LDQuNC90Ys=;NDE4;
MzA1MDA=;0KTRg9C90LTQsNGG0LjRjyDQkNC00LLQvtC60LDRgtC+0LIg0KPQutGA0LDQuNC90Ys=;NDIw;
MzA1MDA=;0KTRg9C90LTQsNGG0LjRjyDQkNC00LLQvtC60LDRgtC+0LIg0KPQutGA0LDQuNC90Ys=;NDE5;
MzA1MDA=;0KTRg9C90LTQsNGG0LjRjyDQkNC00LLQvtC60LDRgtC+0LIg0KPQutGA0LDQuNC90Ys=;NDIx;
MzA1MDA=;0KTRg9C90LTQsNGG0LjRjyDQkNC00LLQvtC60LDRgtC+0LIg0KPQutGA0LDQuNC90Ys=;NDIz;
MzA1MDA=;0KTRg9C90LTQsNGG0LjRjyDQkNC00LLQvtC60LDRgtC+0LIg0KPQutGA0LDQuNC90Ys=;NDI5;
MzEzODM4;0JLQvtC70L7Qs9C+0LTRgdC60LDRjyDRgtC+0YDQs9C+0LLQvi3Qv9GA0L7QvNGL0YjQu9C10L3QvdCw0Y8g0L/QsNC70LDRgtCw;MzY2;
MzEzODM4;0JLQvtC70L7Qs9C+0LTRgdC60LDRjyDRgtC+0YDQs9C+0LLQvi3Qv9GA0L7QvNGL0YjQu9C10L3QvdCw0Y8g0L/QsNC70LDRgtCw;Mzgy;
MzEzODM4;0JLQvtC70L7Qs9C+0LTRgdC60LDRjyDRgtC+0YDQs9C+0LLQvi3Qv9GA0L7QvNGL0YjQu9C10L3QvdCw0Y8g0L/QsNC70LDRgtCw;Mzg0;
MzEzODM4;0JLQvtC70L7Qs9C+0LTRgdC60LDRjyDRgtC+0YDQs9C+0LLQvi3Qv9GA0L7QvNGL0YjQu9C10L3QvdCw0Y8g0L/QsNC70LDRgtCw;Mzk5;
MzE2ODM2;0KLQvtGA0LPQvtCy0L4t0L/RgNC+0LzRi9GI0LvQtdC90L3QsNGPINC/0LDQu9Cw0YLQsCDQndC40LbQtdCz0L7RgNC+0LTRgdC60L7QuSDQvtCx0LvQsNGB0YLQuA==;MzY2;
MzE2ODM2;0KLQvtGA0LPQvtCy0L4t0L/RgNC+0LzRi9GI0LvQtdC90L3QsNGPINC/0LDQu9Cw0YLQsCDQndC40LbQtdCz0L7RgNC+0LTRgdC60L7QuSDQvtCx0LvQsNGB0YLQuA==;Mzgy;
MzE2ODM2;0KLQvtGA0LPQvtCy0L4t0L/RgNC+0LzRi9GI0LvQtdC90L3QsNGPINC/0LDQu9Cw0YLQsCDQndC40LbQtdCz0L7RgNC+0LTRgdC60L7QuSDQvtCx0LvQsNGB0YLQuA==;Mzg0;
MzE2ODM2;0KLQvtGA0LPQvtCy0L4t0L/RgNC+0LzRi9GI0LvQtdC90L3QsNGPINC/0LDQu9Cw0YLQsCDQndC40LbQtdCz0L7RgNC+0LTRgdC60L7QuSDQvtCx0LvQsNGB0YLQuA==;Mzk5;
MzM0NDE0;0JLQvtC70LPQvtCz0YDQsNC00YHQutCw0Y8g0YLQvtGA0LPQvtCy0L4t0L/RgNC+0LzRi9GI0LvQtdC90L3QsNGPINC/0LDQu9Cw0YLQsA==;MzY2;
MzM0NDE0;0JLQvtC70LPQvtCz0YDQsNC00YHQutCw0Y8g0YLQvtGA0LPQvtCy0L4t0L/RgNC+0LzRi9GI0LvQtdC90L3QsNGPINC/0LDQu9Cw0YLQsA==;Mzgy;
MzM0NDE0;0JLQvtC70LPQvtCz0YDQsNC00YHQutCw0Y8g0YLQvtGA0LPQvtCy0L4t0L/RgNC+0LzRi9GI0LvQtdC90L3QsNGPINC/0LDQu9Cw0YLQsA==;Mzg0;
MzM0NDE0;0JLQvtC70LPQvtCz0YDQsNC00YHQutCw0Y8g0YLQvtGA0LPQvtCy0L4t0L/RgNC+0LzRi9GI0LvQtdC90L3QsNGPINC/0LDQu9Cw0YLQsA==;Mzk5;
MzQyNjk4;0J/RgNC40LzQvtGA0YHQutCw0Y8g0YLQvtGA0LPQvtCy0L4t0L/RgNC+0LzRi9GI0LvQtdC90L3QsNGPINC/0LDQu9Cw0YLQsA==;MzY2;
MzQyNjk4;0J/RgNC40LzQvtGA0YHQutCw0Y8g0YLQvtGA0LPQvtCy0L4t0L/RgNC+0LzRi9GI0LvQtdC90L3QsNGPINC/0LDQu9Cw0YLQsA==;Mzgy;
MzQyNjk4;0J/RgNC40LzQvtGA0YHQutCw0Y8g0YLQvtGA0LPQvtCy0L4t0L/RgNC+0LzRi9GI0LvQtdC90L3QsNGPINC/0LDQu9Cw0YLQsA==;Mzg0;
MzQyNjk4;0J/RgNC40LzQvtGA0YHQutCw0Y8g0YLQvtGA0LPQvtCy0L4t0L/RgNC+0LzRi9GI0LvQtdC90L3QsNGPINC/0LDQu9Cw0YLQsA==;Mzk5;
MzQzMzA4;0KHQsNGA0LDRgtC+0LLRgdC60LDRjyDRgtC+0YDQs9C+0LLQvi3Qv9GA0L7QvNGL0YjQu9C10L3QvdCw0Y8g0L/QsNC70LDRgtCw;MzY2;
MzQzMzA4;0KHQsNGA0LDRgtC+0LLRgdC60LDRjyDRgtC+0YDQs9C+0LLQvi3Qv9GA0L7QvNGL0YjQu9C10L3QvdCw0Y8g0L/QsNC70LDRgtCw;Mzgy;
MzQzMzA4;0KHQsNGA0LDRgtC+0LLRgdC60LDRjyDRgtC+0YDQs9C+0LLQvi3Qv9GA0L7QvNGL0YjQu9C10L3QvdCw0Y8g0L/QsNC70LDRgtCw;Mzg0;
MzQzMzA4;0KHQsNGA0LDRgtC+0LLRgdC60LDRjyDRgtC+0YDQs9C+0LLQvi3Qv9GA0L7QvNGL0YjQu9C10L3QvdCw0Y8g0L/QsNC70LDRgtCw;Mzk5;
MzQzMzA4;0KHQsNGA0LDRgtC+0LLRgdC60LDRjyDRgtC+0YDQs9C+0LLQvi3Qv9GA0L7QvNGL0YjQu9C10L3QvdCw0Y8g0L/QsNC70LDRgtCw;MjA4MzM=;
MzU3MzA2;0KbQtdC90YLRgNCw0LvRjNC90L4t0KHQuNCx0LjRgNGB0LrQsNGPINGC0L7RgNCz0L7QstC+LdC/0YDQvtC80YvRiNC70LXQvdC90LDRjyDQv9Cw0LvQsNGC0LA=;MzY2;
MzU3MzA2;0KbQtdC90YLRgNCw0LvRjNC90L4t0KHQuNCx0LjRgNGB0LrQsNGPINGC0L7RgNCz0L7QstC+LdC/0YDQvtC80YvRiNC70LXQvdC90LDRjyDQv9Cw0LvQsNGC0LA=;Mzgy;
MzU3MzA2;0KbQtdC90YLRgNCw0LvRjNC90L4t0KHQuNCx0LjRgNGB0LrQsNGPINGC0L7RgNCz0L7QstC+LdC/0YDQvtC80YvRiNC70LXQvdC90LDRjyDQv9Cw0LvQsNGC0LA=;Mzg0;
MzU3MzA2;0KbQtdC90YLRgNCw0LvRjNC90L4t0KHQuNCx0LjRgNGB0LrQsNGPINGC0L7RgNCz0L7QstC+LdC/0YDQvtC80YvRiNC70LXQvdC90LDRjyDQv9Cw0LvQsNGC0LA=;Mzk5;
MzU4NTE1;0KLQvtGA0LPQvtCy0L4t0L/RgNC+0LzRi9GI0LvQtdC90L3QsNGPINC/0LDQu9Cw0YLQsCDQn9GB0LrQvtCy0YHQutC+0Lkg0L7QsdC70LDRgdGC0Lg=;MzY2;
MzU4NTE1;0KLQvtGA0LPQvtCy0L4t0L/RgNC+0LzRi9GI0LvQtdC90L3QsNGPINC/0LDQu9Cw0YLQsCDQn9GB0LrQvtCy0YHQutC+0Lkg0L7QsdC70LDRgdGC0Lg=;Mzgy;
MzU4NTE1;0KLQvtGA0LPQvtCy0L4t0L/RgNC+0LzRi9GI0LvQtdC90L3QsNGPINC/0LDQu9Cw0YLQsCDQn9GB0LrQvtCy0YHQutC+0Lkg0L7QsdC70LDRgdGC0Lg=;Mzg0;
MzU4NTE1;0KLQvtGA0LPQvtCy0L4t0L/RgNC+0LzRi9GI0LvQtdC90L3QsNGPINC/0LDQu9Cw0YLQsCDQn9GB0LrQvtCy0YHQutC+0Lkg0L7QsdC70LDRgdGC0Lg=;Mzk5;
MzYxNjcx;0KLQsNC80LHQvtCy0YHQutCw0Y8g0L7QsdC70LDRgdGC0L3QsNGPINGC0L7RgNCz0L7QstC+LdC/0YDQvtC80YvRiNC70LXQvdC90LDRjyDQv9Cw0LvQsNGC0LA=;MzY2;
MzYxNjcx;0KLQsNC80LHQvtCy0YHQutCw0Y8g0L7QsdC70LDRgdGC0L3QsNGPINGC0L7RgNCz0L7QstC+LdC/0YDQvtC80YvRiNC70LXQvdC90LDRjyDQv9Cw0LvQsNGC0LA=;Mzgy;
MzYxNjcx;0KLQsNC80LHQvtCy0YHQutCw0Y8g0L7QsdC70LDRgdGC0L3QsNGPINGC0L7RgNCz0L7QstC+LdC/0YDQvtC80YvRiNC70LXQvdC90LDRjyDQv9Cw0LvQsNGC0LA=;Mzg0;
MzYxNjcx;0KLQsNC80LHQvtCy0YHQutCw0Y8g0L7QsdC70LDRgdGC0L3QsNGPINGC0L7RgNCz0L7QstC+LdC/0YDQvtC80YvRiNC70LXQvdC90LDRjyDQv9Cw0LvQsNGC0LA=;Mzk5;
MzYyOTQx;0J/QtdGA0LzRgdC60LDRjyDRgtC+0YDQs9C+0LLQvi3Qv9GA0L7QvNGL0YjQu9C10L3QvdCw0Y8g0L/QsNC70LDRgtCw;MzY2;
MzYyOTQx;0J/QtdGA0LzRgdC60LDRjyDRgtC+0YDQs9C+0LLQvi3Qv9GA0L7QvNGL0YjQu9C10L3QvdCw0Y8g0L/QsNC70LDRgtCw;Mzgy;
MzYyOTQx;0J/QtdGA0LzRgdC60LDRjyDRgtC+0YDQs9C+0LLQvi3Qv9GA0L7QvNGL0YjQu9C10L3QvdCw0Y8g0L/QsNC70LDRgtCw;Mzg0;
MzYyOTQx;0J/QtdGA0LzRgdC60LDRjyDRgtC+0YDQs9C+0LLQvi3Qv9GA0L7QvNGL0YjQu9C10L3QvdCw0Y8g0L/QsNC70LDRgtCw;Mzk5;
MzY4MjM3;0J/QtdC90LfQtdC90YHQutCw0Y8g0L7QsdC70LDRgdGC0L3QsNGPINGC0L7RgNCz0L7QstC+LdC/0YDQvtC80YvRiNC70LXQvdC90LDRjyDQv9Cw0LvQsNGC0LA=;MzY2;
MzY4MjM3;0J/QtdC90LfQtdC90YHQutCw0Y8g0L7QsdC70LDRgdGC0L3QsNGPINGC0L7RgNCz0L7QstC+LdC/0YDQvtC80YvRiNC70LXQvdC90LDRjyDQv9Cw0LvQsNGC0LA=;Mzgy;
MzY4MjM3;0J/QtdC90LfQtdC90YHQutCw0Y8g0L7QsdC70LDRgdGC0L3QsNGPINGC0L7RgNCz0L7QstC+LdC/0YDQvtC80YvRiNC70LXQvdC90LDRjyDQv9Cw0LvQsNGC0LA=;Mzg0;
MzY4MjM3;0J/QtdC90LfQtdC90YHQutCw0Y8g0L7QsdC70LDRgdGC0L3QsNGPINGC0L7RgNCz0L7QstC+LdC/0YDQvtC80YvRiNC70LXQvdC90LDRjyDQv9Cw0LvQsNGC0LA=;Mzk5;
MzY4MjM3;0J/QtdC90LfQtdC90YHQutCw0Y8g0L7QsdC70LDRgdGC0L3QsNGPINGC0L7RgNCz0L7QstC+LdC/0YDQvtC80YvRiNC70LXQvdC90LDRjyDQv9Cw0LvQsNGC0LA=;MTgxNTI=;
MzY4MjM3;0J/QtdC90LfQtdC90YHQutCw0Y8g0L7QsdC70LDRgdGC0L3QsNGPINGC0L7RgNCz0L7QstC+LdC/0YDQvtC80YvRiNC70LXQvdC90LDRjyDQv9Cw0LvQsNGC0LA=;MTg4;
MzcwNzkx;0JrQsNC70LjQvdC40L3Qs9GA0LDQtNGB0LrQsNGPINGC0L7RgNCz0L7QstC+LdC/0YDQvtC80YvRiNC70LXQvdC90LDRjyDQv9Cw0LvQsNGC0LA=;MzY2;
MzcwNzkx;0JrQsNC70LjQvdC40L3Qs9GA0LDQtNGB0LrQsNGPINGC0L7RgNCz0L7QstC+LdC/0YDQvtC80YvRiNC70LXQvdC90LDRjyDQv9Cw0LvQsNGC0LA=;Mzgy;
MzcwNzkx;0JrQsNC70LjQvdC40L3Qs9GA0LDQtNGB0LrQsNGPINGC0L7RgNCz0L7QstC+LdC/0YDQvtC80YvRiNC70LXQvdC90LDRjyDQv9Cw0LvQsNGC0LA=;Mzg0;
MzcwNzkx;0JrQsNC70LjQvdC40L3Qs9GA0LDQtNGB0LrQsNGPINGC0L7RgNCz0L7QstC+LdC/0YDQvtC80YvRiNC70LXQvdC90LDRjyDQv9Cw0LvQsNGC0LA=;Mzk5;
MzcwNzkx;0JrQsNC70LjQvdC40L3Qs9GA0LDQtNGB0LrQsNGPINGC0L7RgNCz0L7QstC+LdC/0YDQvtC80YvRiNC70LXQvdC90LDRjyDQv9Cw0LvQsNGC0LA=;MTgxNTI=;
MzcyNzgw;0JLRj9GC0YHQutCw0Y8g0YLQvtGA0LPQvtCy0L4t0L/RgNC+0LzRi9GI0LvQtdC90L3QsNGPINC/0LDQu9Cw0YLQsA==;MzY2;
MzcyNzgw;0JLRj9GC0YHQutCw0Y8g0YLQvtGA0LPQvtCy0L4t0L/RgNC+0LzRi9GI0LvQtdC90L3QsNGPINC/0LDQu9Cw0YLQsA==;Mzgy;
MzcyNzgw;0JLRj9GC0YHQutCw0Y8g0YLQvtGA0LPQvtCy0L4t0L/RgNC+0LzRi9GI0LvQtdC90L3QsNGPINC/0LDQu9Cw0YLQsA==;Mzg0;
MzcyNzgw;0JLRj9GC0YHQutCw0Y8g0YLQvtGA0LPQvtCy0L4t0L/RgNC+0LzRi9GI0LvQtdC90L3QsNGPINC/0LDQu9Cw0YLQsA==;Mzk5;
Mzc3NDUw;0JLQtdGA0YXQvdC10LrQsNC80YHQutCw0Y8g0YLQvtGA0LPQvtCy0L4t0L/RgNC+0LzRi9GI0LvQtdC90L3QsNGPINC/0LDQu9Cw0YLQsA==;MzY2;
Mzc3NDUw;0JLQtdGA0YXQvdC10LrQsNC80YHQutCw0Y8g0YLQvtGA0LPQvtCy0L4t0L/RgNC+0LzRi9GI0LvQtdC90L3QsNGPINC/0LDQu9Cw0YLQsA==;Mzgy;
Mzc3NDUw;0JLQtdGA0YXQvdC10LrQsNC80YHQutCw0Y8g0YLQvtGA0LPQvtCy0L4t0L/RgNC+0LzRi9GI0LvQtdC90L3QsNGPINC/0LDQu9Cw0YLQsA==;Mzg0;
Mzc3NDUw;0JLQtdGA0YXQvdC10LrQsNC80YHQutCw0Y8g0YLQvtGA0LPQvtCy0L4t0L/RgNC+0LzRi9GI0LvQtdC90L3QsNGPINC/0LDQu9Cw0YLQsA==;Mzk5;
Mzc3Njcz;0JDRgNGF0LDQvdCz0LXQu9GM0YHQutCw0Y8g0YLQvtGA0LPQvtCy0L4t0L/RgNC+0LzRi9GI0LvQtdC90L3QsNGPINC/0LDQu9Cw0YLQsA==;MzY2;
Mzc3Njcz;0JDRgNGF0LDQvdCz0LXQu9GM0YHQutCw0Y8g0YLQvtGA0LPQvtCy0L4t0L/RgNC+0LzRi9GI0LvQtdC90L3QsNGPINC/0LDQu9Cw0YLQsA==;Mzgy;
Mzc3Njcz;0JDRgNGF0LDQvdCz0LXQu9GM0YHQutCw0Y8g0YLQvtGA0LPQvtCy0L4t0L/RgNC+0LzRi9GI0LvQtdC90L3QsNGPINC/0LDQu9Cw0YLQsA==;Mzg0;
Mzc3Njcz;0JDRgNGF0LDQvdCz0LXQu9GM0YHQutCw0Y8g0YLQvtGA0LPQvtCy0L4t0L/RgNC+0LzRi9GI0LvQtdC90L3QsNGPINC/0LDQu9Cw0YLQsA==;Mzk5;
Mzc5Mjgy;0KLQsdC40LvQuNGB0YHQutCw0Y8g0YLQvtGA0LPQvtCy0L4t0L/RgNC+0LzRi9GI0LvQtdC90L3QsNGPINC/0LDQu9Cw0YLQsA==;MTA0MDk=;
Mzc5Mjgy;0KLQsdC40LvQuNGB0YHQutCw0Y8g0YLQvtGA0LPQvtCy0L4t0L/RgNC+0LzRi9GI0LvQtdC90L3QsNGPINC/0LDQu9Cw0YLQsA==;MTA0MDM=;
Mzc5Mjgy;0KLQsdC40LvQuNGB0YHQutCw0Y8g0YLQvtGA0LPQvtCy0L4t0L/RgNC+0LzRi9GI0LvQtdC90L3QsNGPINC/0LDQu9Cw0YLQsA==;MjA5NzU=;
Mzc5Mjgy;0KLQsdC40LvQuNGB0YHQutCw0Y8g0YLQvtGA0LPQvtCy0L4t0L/RgNC+0LzRi9GI0LvQtdC90L3QsNGPINC/0LDQu9Cw0YLQsA==;MTA0MDU=;
Mzc5Mjgy;0KLQsdC40LvQuNGB0YHQutCw0Y8g0YLQvtGA0LPQvtCy0L4t0L/RgNC+0LzRi9GI0LvQtdC90L3QsNGPINC/0LDQu9Cw0YLQsA==;MjA5Nzk=;
Mzc5Mjgy;0KLQsdC40LvQuNGB0YHQutCw0Y8g0YLQvtGA0LPQvtCy0L4t0L/RgNC+0LzRi9GI0LvQtdC90L3QsNGPINC/0LDQu9Cw0YLQsA==;MzY2;
MzgwNTAw;0KHQstC+0LHQvtC00L3Ri9C5INCU0LXQu9C+0LLQvtC5INCm0LXQvdGC0YA=;MzY2;
MzgwNTAw;0KHQstC+0LHQvtC00L3Ri9C5INCU0LXQu9C+0LLQvtC5INCm0LXQvdGC0YA=;Mzgy;
MzgwNTAw;0KHQstC+0LHQvtC00L3Ri9C5INCU0LXQu9C+0LLQvtC5INCm0LXQvdGC0YA=;Mzg0;
MzgwNTAw;0KHQstC+0LHQvtC00L3Ri9C5INCU0LXQu9C+0LLQvtC5INCm0LXQvdGC0YA=;Mzk5;
MzgwNTAw;0KHQstC+0LHQvtC00L3Ri9C5INCU0LXQu9C+0LLQvtC5INCm0LXQvdGC0YA=;MTg4;
Mzg0MTkz;0JvQuNC/0LXRhtC60LDRjyDRgtC+0YDQs9C+0LLQvi3Qv9GA0L7QvNGL0YjQu9C10L3QvdCw0Y8g0L/QsNC70LDRgtCw;MzY2;
Mzg0MTkz;0JvQuNC/0LXRhtC60LDRjyDRgtC+0YDQs9C+0LLQvi3Qv9GA0L7QvNGL0YjQu9C10L3QvdCw0Y8g0L/QsNC70LDRgtCw;Mzgy;
Mzg0MTkz;0JvQuNC/0LXRhtC60LDRjyDRgtC+0YDQs9C+0LLQvi3Qv9GA0L7QvNGL0YjQu9C10L3QvdCw0Y8g0L/QsNC70LDRgtCw;Mzg0;
Mzg0MTkz;0JvQuNC/0LXRhtC60LDRjyDRgtC+0YDQs9C+0LLQvi3Qv9GA0L7QvNGL0YjQu9C10L3QvdCw0Y8g0L/QsNC70LDRgtCw;Mzk5;
Mzg4Nzg2;0JLQuNC90L3QuNGG0LrQsNGPINGC0L7RgNCz0L7QstC+INC/0YDQvtC80YvRiNC70LXQvdC90LDRjyDQv9Cw0LvQsNGC0LA=;NzU=;
Mzg4Nzg2;0JLQuNC90L3QuNGG0LrQsNGPINGC0L7RgNCz0L7QstC+INC/0YDQvtC80YvRiNC70LXQvdC90LDRjyDQv9Cw0LvQsNGC0LA=;NDI1;
Mzg4Nzg2;0JLQuNC90L3QuNGG0LrQsNGPINGC0L7RgNCz0L7QstC+INC/0YDQvtC80YvRiNC70LXQvdC90LDRjyDQv9Cw0LvQsNGC0LA=;MzY2;
Mzg4Nzg2;0JLQuNC90L3QuNGG0LrQsNGPINGC0L7RgNCz0L7QstC+INC/0YDQvtC80YvRiNC70LXQvdC90LDRjyDQv9Cw0LvQsNGC0LA=;Mzgy;
Mzg4Nzg2;0JLQuNC90L3QuNGG0LrQsNGPINGC0L7RgNCz0L7QstC+INC/0YDQvtC80YvRiNC70LXQvdC90LDRjyDQv9Cw0LvQsNGC0LA=;Mzg0;
Mzg4Nzg2;0JLQuNC90L3QuNGG0LrQsNGPINGC0L7RgNCz0L7QstC+INC/0YDQvtC80YvRiNC70LXQvdC90LDRjyDQv9Cw0LvQsNGC0LA=;Mzk5;
MzkwODI1;0JLQvtC70YvQvdGB0LrQsNGPINGC0L7RgNCz0L7QstC+LdC/0YDQvtC80YvRiNC70LXQvdC90LDRjyDQv9Cw0LvQsNGC0LA=;NDI1;
MzkwODI1;0JLQvtC70YvQvdGB0LrQsNGPINGC0L7RgNCz0L7QstC+LdC/0YDQvtC80YvRiNC70LXQvdC90LDRjyDQv9Cw0LvQsNGC0LA=;MzY2;
MzkwODI1;0JLQvtC70YvQvdGB0LrQsNGPINGC0L7RgNCz0L7QstC+LdC/0YDQvtC80YvRiNC70LXQvdC90LDRjyDQv9Cw0LvQsNGC0LA=;Mzgy;
MzkwODI1;0JLQvtC70YvQvdGB0LrQsNGPINGC0L7RgNCz0L7QstC+LdC/0YDQvtC80YvRiNC70LXQvdC90LDRjyDQv9Cw0LvQsNGC0LA=;Mzg0;
MzkwODI1;0JLQvtC70YvQvdGB0LrQsNGPINGC0L7RgNCz0L7QstC+LdC/0YDQvtC80YvRiNC70LXQvdC90LDRjyDQv9Cw0LvQsNGC0LA=;Mzk5;
MzkwODI1;0JLQvtC70YvQvdGB0LrQsNGPINGC0L7RgNCz0L7QstC+LdC/0YDQvtC80YvRiNC70LXQvdC90LDRjyDQv9Cw0LvQsNGC0LA=;MTk4NjQ=;
MzkwODI1;0JLQvtC70YvQvdGB0LrQsNGPINGC0L7RgNCz0L7QstC+LdC/0YDQvtC80YvRiNC70LXQvdC90LDRjyDQv9Cw0LvQsNGC0LA=;MTg4;
MzkyMjE4;0JvRg9Cz0LDQvdGB0LrQsNGPINGC0L7RgNCz0L7QstC+LdC/0YDQvtC80YvRiNC70LXQvdC90LDRjyDQv9Cw0LvQsNGC0LA=;NDI1;
MzkyMjE4;0JvRg9Cz0LDQvdGB0LrQsNGPINGC0L7RgNCz0L7QstC+LdC/0YDQvtC80YvRiNC70LXQvdC90LDRjyDQv9Cw0LvQsNGC0LA=;MzY2;
MzkyMjE4;0JvRg9Cz0LDQvdGB0LrQsNGPINGC0L7RgNCz0L7QstC+LdC/0YDQvtC80YvRiNC70LXQvdC90LDRjyDQv9Cw0LvQsNGC0LA=;Mzgy;
MzkyMjE4;0JvRg9Cz0LDQvdGB0LrQsNGPINGC0L7RgNCz0L7QstC+LdC/0YDQvtC80YvRiNC70LXQvdC90LDRjyDQv9Cw0LvQsNGC0LA=;Mzg0;
MzkyMjE4;0JvRg9Cz0LDQvdGB0LrQsNGPINGC0L7RgNCz0L7QstC+LdC/0YDQvtC80YvRiNC70LXQvdC90LDRjyDQv9Cw0LvQsNGC0LA=;Mzk5;
Mzk0NjA1;0JTQvdC10L/RgNC+0L/QtdGC0YDQvtCy0YHQutCw0Y8g0YLQvtGA0LPQvtCy0L4t0L/RgNC+0LzRi9GI0LvQtdC90L3QsNGPINC/0LDQu9Cw0YLQsA==;NDI1;
Mzk0NjA1;0JTQvdC10L/RgNC+0L/QtdGC0YDQvtCy0YHQutCw0Y8g0YLQvtGA0LPQvtCy0L4t0L/RgNC+0LzRi9GI0LvQtdC90L3QsNGPINC/0LDQu9Cw0YLQsA==;MzY2;
Mzk0NjA1;0JTQvdC10L/RgNC+0L/QtdGC0YDQvtCy0YHQutCw0Y8g0YLQvtGA0LPQvtCy0L4t0L/RgNC+0LzRi9GI0LvQtdC90L3QsNGPINC/0LDQu9Cw0YLQsA==;Mzgy;
Mzk0NjA1;0JTQvdC10L/RgNC+0L/QtdGC0YDQvtCy0YHQutCw0Y8g0YLQvtGA0LPQvtCy0L4t0L/RgNC+0LzRi9GI0LvQtdC90L3QsNGPINC/0LDQu9Cw0YLQsA==;Mzg0;
Mzk0NjA1;0JTQvdC10L/RgNC+0L/QtdGC0YDQvtCy0YHQutCw0Y8g0YLQvtGA0LPQvtCy0L4t0L/RgNC+0LzRi9GI0LvQtdC90L3QsNGPINC/0LDQu9Cw0YLQsA==;Mzk5;
NDAwMjE5;0JTQvtC90LXRhtC60LDRjyDRgtC+0YDQs9C+0LLQvi3Qv9GA0L7QvNGL0YjQu9C10L3QvdCw0Y8g0L/QsNC70LDRgtCw;NDI1;
NDAwMjE5;0JTQvtC90LXRhtC60LDRjyDRgtC+0YDQs9C+0LLQvi3Qv9GA0L7QvNGL0YjQu9C10L3QvdCw0Y8g0L/QsNC70LDRgtCw;MzY2;
NDAwMjE5;0JTQvtC90LXRhtC60LDRjyDRgtC+0YDQs9C+0LLQvi3Qv9GA0L7QvNGL0YjQu9C10L3QvdCw0Y8g0L/QsNC70LDRgtCw;Mzgy;
NDAwMjE5;0JTQvtC90LXRhtC60LDRjyDRgtC+0YDQs9C+0LLQvi3Qv9GA0L7QvNGL0YjQu9C10L3QvdCw0Y8g0L/QsNC70LDRgtCw;Mzg0;
NDAwMjE5;0JTQvtC90LXRhtC60LDRjyDRgtC+0YDQs9C+0LLQvi3Qv9GA0L7QvNGL0YjQu9C10L3QvdCw0Y8g0L/QsNC70LDRgtCw;Mzk5;
NDAwMjE5;0JTQvtC90LXRhtC60LDRjyDRgtC+0YDQs9C+0LLQvi3Qv9GA0L7QvNGL0YjQu9C10L3QvdCw0Y8g0L/QsNC70LDRgtCw;MjA3ODA=;
NDAwMjE5;0JTQvtC90LXRhtC60LDRjyDRgtC+0YDQs9C+0LLQvi3Qv9GA0L7QvNGL0YjQu9C10L3QvdCw0Y8g0L/QsNC70LDRgtCw;MTg4;
NDA4MDA4;0JbQuNGC0L7QvNC40YDRgdC60LDRjyDRgtC+0YDQs9C+0LLQvi3Qv9GA0L7QvNGL0YjQu9C10L3QvdCw0Y8g0L/QsNC70LDRgtCw;NDI1;
NDA4MDA4;0JbQuNGC0L7QvNC40YDRgdC60LDRjyDRgtC+0YDQs9C+0LLQvi3Qv9GA0L7QvNGL0YjQu9C10L3QvdCw0Y8g0L/QsNC70LDRgtCw;MzY2;
NDA4MDA4;0JbQuNGC0L7QvNC40YDRgdC60LDRjyDRgtC+0YDQs9C+0LLQvi3Qv9GA0L7QvNGL0YjQu9C10L3QvdCw0Y8g0L/QsNC70LDRgtCw;Mzgy;
NDA4MDA4;0JbQuNGC0L7QvNC40YDRgdC60LDRjyDRgtC+0YDQs9C+0LLQvi3Qv9GA0L7QvNGL0YjQu9C10L3QvdCw0Y8g0L/QsNC70LDRgtCw;Mzg0;
NDA4MDA4;0JbQuNGC0L7QvNC40YDRgdC60LDRjyDRgtC+0YDQs9C+0LLQvi3Qv9GA0L7QvNGL0YjQu9C10L3QvdCw0Y8g0L/QsNC70LDRgtCw;Mzk5;
NDA5MDEx;0JfQsNC60LDRgNC/0LDRgtGB0LrQsNGPINGC0L7RgNCz0L7QstC+LdC/0YDQvtC80YvRiNC70LXQvdC90LDRjyDQv9Cw0LvQsNGC0LA=;NDI1;
NDA5MDEx;0JfQsNC60LDRgNC/0LDRgtGB0LrQsNGPINGC0L7RgNCz0L7QstC+LdC/0YDQvtC80YvRiNC70LXQvdC90LDRjyDQv9Cw0LvQsNGC0LA=;MzY2;
NDA5MDEx;0JfQsNC60LDRgNC/0LDRgtGB0LrQsNGPINGC0L7RgNCz0L7QstC+LdC/0YDQvtC80YvRiNC70LXQvdC90LDRjyDQv9Cw0LvQsNGC0LA=;Mzgy;
NDA5MDEx;0JfQsNC60LDRgNC/0LDRgtGB0LrQsNGPINGC0L7RgNCz0L7QstC+LdC/0YDQvtC80YvRiNC70LXQvdC90LDRjyDQv9Cw0LvQsNGC0LA=;Mzg0;
NDA5MDEx;0JfQsNC60LDRgNC/0LDRgtGB0LrQsNGPINGC0L7RgNCz0L7QstC+LdC/0YDQvtC80YvRiNC70LXQvdC90LDRjyDQv9Cw0LvQsNGC0LA=;Mzk5;
NDEwNDA4;0JfQsNC/0L7RgNC+0LbRgdC60LDRjyDRgtC+0YDQs9C+0LLQvi3Qv9GA0L7QvNGL0YjQu9C10L3QvdCw0Y8g0L/QsNC70LDRgtCw;NDI1;
NDEwNDA4;0JfQsNC/0L7RgNC+0LbRgdC60LDRjyDRgtC+0YDQs9C+0LLQvi3Qv9GA0L7QvNGL0YjQu9C10L3QvdCw0Y8g0L/QsNC70LDRgtCw;MzY2;
NDEwNDA4;0JfQsNC/0L7RgNC+0LbRgdC60LDRjyDRgtC+0YDQs9C+0LLQvi3Qv9GA0L7QvNGL0YjQu9C10L3QvdCw0Y8g0L/QsNC70LDRgtCw;Mzgy;
NDEwNDA4;0JfQsNC/0L7RgNC+0LbRgdC60LDRjyDRgtC+0YDQs9C+0LLQvi3Qv9GA0L7QvNGL0YjQu9C10L3QvdCw0Y8g0L/QsNC70LDRgtCw;Mzg0;
NDEwNDA4;0JfQsNC/0L7RgNC+0LbRgdC60LDRjyDRgtC+0YDQs9C+0LLQvi3Qv9GA0L7QvNGL0YjQu9C10L3QvdCw0Y8g0L/QsNC70LDRgtCw;Mzk5;
NDEzOTQ2;0JjQstCw0L3Qvi3QpNGA0LDQvdC60L7QstGB0LrQsNGPINGC0L7RgNCz0L7QstC+LdC/0YDQvtC80YvRiNC70LXQvdC90LDRjyDQv9Cw0LvQsNGC0LAg;NDI1;
NDEzOTQ2;0JjQstCw0L3Qvi3QpNGA0LDQvdC60L7QstGB0LrQsNGPINGC0L7RgNCz0L7QstC+LdC/0YDQvtC80YvRiNC70LXQvdC90LDRjyDQv9Cw0LvQsNGC0LAg;MzY2;
NDEzOTQ2;0JjQstCw0L3Qvi3QpNGA0LDQvdC60L7QstGB0LrQsNGPINGC0L7RgNCz0L7QstC+LdC/0YDQvtC80YvRiNC70LXQvdC90LDRjyDQv9Cw0LvQsNGC0LAg;Mzgy;
NDEzOTQ2;0JjQstCw0L3Qvi3QpNGA0LDQvdC60L7QstGB0LrQsNGPINGC0L7RgNCz0L7QstC+LdC/0YDQvtC80YvRiNC70LXQvdC90LDRjyDQv9Cw0LvQsNGC0LAg;Mzg0;
NDEzOTQ2;0JjQstCw0L3Qvi3QpNGA0LDQvdC60L7QstGB0LrQsNGPINGC0L7RgNCz0L7QstC+LdC/0YDQvtC80YvRiNC70LXQvdC90LDRjyDQv9Cw0LvQsNGC0LAg;Mzk5;
NDE0ODEy;0JrQuNC10LLRgdC60LDRjyDQvtCx0LvQsNGB0YLQvdCw0Y8g0YLQvtGA0LPQvtCy0L4t0L/RgNC+0LzRi9GI0LvQtdC90L3QsNGPINC/0LDQu9Cw0YLQsA==;NDI1;
NDE0ODEy;0JrQuNC10LLRgdC60LDRjyDQvtCx0LvQsNGB0YLQvdCw0Y8g0YLQvtGA0LPQvtCy0L4t0L/RgNC+0LzRi9GI0LvQtdC90L3QsNGPINC/0LDQu9Cw0YLQsA==;MzY2;
NDE0ODEy;0JrQuNC10LLRgdC60LDRjyDQvtCx0LvQsNGB0YLQvdCw0Y8g0YLQvtGA0LPQvtCy0L4t0L/RgNC+0LzRi9GI0LvQtdC90L3QsNGPINC/0LDQu9Cw0YLQsA==;Mzgy;
NDE0ODEy;0JrQuNC10LLRgdC60LDRjyDQvtCx0LvQsNGB0YLQvdCw0Y8g0YLQvtGA0LPQvtCy0L4t0L/RgNC+0LzRi9GI0LvQtdC90L3QsNGPINC/0LDQu9Cw0YLQsA==;Mzg0;
NDE0ODEy;0JrQuNC10LLRgdC60LDRjyDQvtCx0LvQsNGB0YLQvdCw0Y8g0YLQvtGA0LPQvtCy0L4t0L/RgNC+0LzRi9GI0LvQtdC90L3QsNGPINC/0LDQu9Cw0YLQsA==;Mzk5;
NDE1MjMy;0JrQuNGA0L7QstC+0LPRgNCw0LTRgdC60LDRjyDRgtC+0YDQs9C+0LLQvi3Qv9GA0L7QvNGL0YjQu9C10L3QvdCw0Y8g0L/QsNC70LDRgtCw;NDI1;
NDE1MjMy;0JrQuNGA0L7QstC+0LPRgNCw0LTRgdC60LDRjyDRgtC+0YDQs9C+0LLQvi3Qv9GA0L7QvNGL0YjQu9C10L3QvdCw0Y8g0L/QsNC70LDRgtCw;MzY2;
NDE1MjMy;0JrQuNGA0L7QstC+0LPRgNCw0LTRgdC60LDRjyDRgtC+0YDQs9C+0LLQvi3Qv9GA0L7QvNGL0YjQu9C10L3QvdCw0Y8g0L/QsNC70LDRgtCw;Mzgy;
NDE1MjMy;0JrQuNGA0L7QstC+0LPRgNCw0LTRgdC60LDRjyDRgtC+0YDQs9C+0LLQvi3Qv9GA0L7QvNGL0YjQu9C10L3QvdCw0Y8g0L/QsNC70LDRgtCw;Mzg0;
NDE1MjMy;0JrQuNGA0L7QstC+0LPRgNCw0LTRgdC60LDRjyDRgtC+0YDQs9C+0LLQvi3Qv9GA0L7QvNGL0YjQu9C10L3QvdCw0Y8g0L/QsNC70LDRgtCw;Mzk5;
NDE2NDM1;0KHQtdCy0LDRgdGC0L7Qv9C+0LvRjNGB0LrQsNGPINGC0L7RgNCz0L7QstC+LdC/0YDQvtC80YvRiNC70LXQvdC90LDRjyDQv9Cw0LvQsNGC0LA=;NDI1;
NDE2NDM1;0KHQtdCy0LDRgdGC0L7Qv9C+0LvRjNGB0LrQsNGPINGC0L7RgNCz0L7QstC+LdC/0YDQvtC80YvRiNC70LXQvdC90LDRjyDQv9Cw0LvQsNGC0LA=;MzY2;
NDE2NDM1;0KHQtdCy0LDRgdGC0L7Qv9C+0LvRjNGB0LrQsNGPINGC0L7RgNCz0L7QstC+LdC/0YDQvtC80YvRiNC70LXQvdC90LDRjyDQv9Cw0LvQsNGC0LA=;Mzgy;
NDE2NDM1;0KHQtdCy0LDRgdGC0L7Qv9C+0LvRjNGB0LrQsNGPINGC0L7RgNCz0L7QstC+LdC/0YDQvtC80YvRiNC70LXQvdC90LDRjyDQv9Cw0LvQsNGC0LA=;Mzg0;
NDE2NDM1;0KHQtdCy0LDRgdGC0L7Qv9C+0LvRjNGB0LrQsNGPINGC0L7RgNCz0L7QstC+LdC/0YDQvtC80YvRiNC70LXQvdC90LDRjyDQv9Cw0LvQsNGC0LA=;Mzk5;
NDE2NDM1;0KHQtdCy0LDRgdGC0L7Qv9C+0LvRjNGB0LrQsNGPINGC0L7RgNCz0L7QstC+LdC/0YDQvtC80YvRiNC70LXQvdC90LDRjyDQv9Cw0LvQsNGC0LA=;MTg5MTY=;
NDE3ODYx;0KLQvtGA0LPQvtCy0L4t0L/RgNC+0LzRi9GI0LvQtdC90L3QsNGPINC/0LDQu9Cw0YLQsCDQmtGA0YvQvNCw;NDI1;
NDE3ODYx;0KLQvtGA0LPQvtCy0L4t0L/RgNC+0LzRi9GI0LvQtdC90L3QsNGPINC/0LDQu9Cw0YLQsCDQmtGA0YvQvNCw;MzY2;
NDE3ODYx;0KLQvtGA0LPQvtCy0L4t0L/RgNC+0LzRi9GI0LvQtdC90L3QsNGPINC/0LDQu9Cw0YLQsCDQmtGA0YvQvNCw;Mzgy;
NDE3ODYx;0KLQvtGA0LPQvtCy0L4t0L/RgNC+0LzRi9GI0LvQtdC90L3QsNGPINC/0LDQu9Cw0YLQsCDQmtGA0YvQvNCw;Mzg0;
NDE3ODYx;0KLQvtGA0LPQvtCy0L4t0L/RgNC+0LzRi9GI0LvQtdC90L3QsNGPINC/0LDQu9Cw0YLQsCDQmtGA0YvQvNCw;Mzk5;
NDE3ODYx;0KLQvtGA0LPQvtCy0L4t0L/RgNC+0LzRi9GI0LvQtdC90L3QsNGPINC/0LDQu9Cw0YLQsCDQmtGA0YvQvNCw;MjA3Nzg=;
NDE3ODYx;0KLQvtGA0LPQvtCy0L4t0L/RgNC+0LzRi9GI0LvQtdC90L3QsNGPINC/0LDQu9Cw0YLQsCDQmtGA0YvQvNCw;MTg4;
NDE3ODYx;0KLQvtGA0LPQvtCy0L4t0L/RgNC+0LzRi9GI0LvQtdC90L3QsNGPINC/0LDQu9Cw0YLQsCDQmtGA0YvQvNCw;MjA5MDE=;
NDE5MTg4;0JvRjNCy0L7QstGB0LrQsNGPINGC0L7RgNCz0L7QstC+LdC/0YDQvtC80YvRiNC70LXQvdC90LDRjyDQv9Cw0LvQsNGC0LA=;NDI1;
NDE5MTg4;0JvRjNCy0L7QstGB0LrQsNGPINGC0L7RgNCz0L7QstC+LdC/0YDQvtC80YvRiNC70LXQvdC90LDRjyDQv9Cw0LvQsNGC0LA=;MzY2;
NDE5MTg4;0JvRjNCy0L7QstGB0LrQsNGPINGC0L7RgNCz0L7QstC+LdC/0YDQvtC80YvRiNC70LXQvdC90LDRjyDQv9Cw0LvQsNGC0LA=;Mzgy;
NDE5MTg4;0JvRjNCy0L7QstGB0LrQsNGPINGC0L7RgNCz0L7QstC+LdC/0YDQvtC80YvRiNC70LXQvdC90LDRjyDQv9Cw0LvQsNGC0LA=;Mzg0;
NDE5MTg4;0JvRjNCy0L7QstGB0LrQsNGPINGC0L7RgNCz0L7QstC+LdC/0YDQvtC80YvRiNC70LXQvdC90LDRjyDQv9Cw0LvQsNGC0LA=;Mzk5;
NDIxNjQx;0J3QuNC60L7Qu9Cw0LXQstGB0LrQsNGPINGC0L7RgNCz0L7QstC+LdC/0YDQvtC80YvRiNC70LXQvdC90LDRjyDQv9Cw0LvQsNGC0LA=;NDI1;
NDIxNjQx;0J3QuNC60L7Qu9Cw0LXQstGB0LrQsNGPINGC0L7RgNCz0L7QstC+LdC/0YDQvtC80YvRiNC70LXQvdC90LDRjyDQv9Cw0LvQsNGC0LA=;MzY2;
NDIxNjQx;0J3QuNC60L7Qu9Cw0LXQstGB0LrQsNGPINGC0L7RgNCz0L7QstC+LdC/0YDQvtC80YvRiNC70LXQvdC90LDRjyDQv9Cw0LvQsNGC0LA=;Mzgy;
NDIxNjQx;0J3QuNC60L7Qu9Cw0LXQstGB0LrQsNGPINGC0L7RgNCz0L7QstC+LdC/0YDQvtC80YvRiNC70LXQvdC90LDRjyDQv9Cw0LvQsNGC0LA=;Mzg0;
NDIxNjQx;0J3QuNC60L7Qu9Cw0LXQstGB0LrQsNGPINGC0L7RgNCz0L7QstC+LdC/0YDQvtC80YvRiNC70LXQvdC90LDRjyDQv9Cw0LvQsNGC0LA=;Mzk5;
NDIyODg0;0J7QtNC10YHRgdC60LDRjyDRgtC+0YDQs9C+0LLQvi3Qv9GA0L7QvNGL0YjQu9C10L3QvdCw0Y8g0L/QsNC70LDRgtCw;NDI1;
NDIyODg0;0J7QtNC10YHRgdC60LDRjyDRgtC+0YDQs9C+0LLQvi3Qv9GA0L7QvNGL0YjQu9C10L3QvdCw0Y8g0L/QsNC70LDRgtCw;MzY2;
NDIyODg0;0J7QtNC10YHRgdC60LDRjyDRgtC+0YDQs9C+0LLQvi3Qv9GA0L7QvNGL0YjQu9C10L3QvdCw0Y8g0L/QsNC70LDRgtCw;Mzgy;
NDIyODg0;0J7QtNC10YHRgdC60LDRjyDRgtC+0YDQs9C+0LLQvi3Qv9GA0L7QvNGL0YjQu9C10L3QvdCw0Y8g0L/QsNC70LDRgtCw;Mzg0;
NDIyODg0;0J7QtNC10YHRgdC60LDRjyDRgtC+0YDQs9C+0LLQvi3Qv9GA0L7QvNGL0YjQu9C10L3QvdCw0Y8g0L/QsNC70LDRgtCw;Mzk5;
NDIyODg0;0J7QtNC10YHRgdC60LDRjyDRgtC+0YDQs9C+0LLQvi3Qv9GA0L7QvNGL0YjQu9C10L3QvdCw0Y8g0L/QsNC70LDRgtCw;MTgxNTI=;
NDI1NjA1;0J/QvtC70YLQsNCy0YHQutCw0Y8g0YLQvtGA0LPQvtCy0L4t0L/RgNC+0LzRi9GI0LvQtdC90L3QsNGPINC/0LDQu9Cw0YLQsA==;NDI1;
NDI1NjA1;0J/QvtC70YLQsNCy0YHQutCw0Y8g0YLQvtGA0LPQvtCy0L4t0L/RgNC+0LzRi9GI0LvQtdC90L3QsNGPINC/0LDQu9Cw0YLQsA==;MzY2;
NDI1NjA1;0J/QvtC70YLQsNCy0YHQutCw0Y8g0YLQvtGA0LPQvtCy0L4t0L/RgNC+0LzRi9GI0LvQtdC90L3QsNGPINC/0LDQu9Cw0YLQsA==;Mzgy;
NDI1NjA1;0J/QvtC70YLQsNCy0YHQutCw0Y8g0YLQvtGA0LPQvtCy0L4t0L/RgNC+0LzRi9GI0LvQtdC90L3QsNGPINC/0LDQu9Cw0YLQsA==;Mzg0;
NDI1NjA1;0J/QvtC70YLQsNCy0YHQutCw0Y8g0YLQvtGA0LPQvtCy0L4t0L/RgNC+0LzRi9GI0LvQtdC90L3QsNGPINC/0LDQu9Cw0YLQsA==;Mzk5;
NDI1NjA1;0J/QvtC70YLQsNCy0YHQutCw0Y8g0YLQvtGA0LPQvtCy0L4t0L/RgNC+0LzRi9GI0LvQtdC90L3QsNGPINC/0LDQu9Cw0YLQsA==;MTY0MjQ=;
NDI3NzY2;0KDQvtCy0LXQvdGB0LrQsNGPINGC0L7RgNCz0L7QstC+LdC/0YDQvtC80YvRiNC70LXQvdC90LDRjyDQv9Cw0LvQsNGC0LA=;NDI1;
NDI3NzY2;0KDQvtCy0LXQvdGB0LrQsNGPINGC0L7RgNCz0L7QstC+LdC/0YDQvtC80YvRiNC70LXQvdC90LDRjyDQv9Cw0LvQsNGC0LA=;MzY2;
NDI3NzY2;0KDQvtCy0LXQvdGB0LrQsNGPINGC0L7RgNCz0L7QstC+LdC/0YDQvtC80YvRiNC70LXQvdC90LDRjyDQv9Cw0LvQsNGC0LA=;Mzgy;
NDI3NzY2;0KDQvtCy0LXQvdGB0LrQsNGPINGC0L7RgNCz0L7QstC+LdC/0YDQvtC80YvRiNC70LXQvdC90LDRjyDQv9Cw0LvQsNGC0LA=;Mzg0;
NDI3NzY2;0KDQvtCy0LXQvdGB0LrQsNGPINGC0L7RgNCz0L7QstC+LdC/0YDQvtC80YvRiNC70LXQvdC90LDRjyDQv9Cw0LvQsNGC0LA=;Mzk5;
NDI5NTA2;0KHRg9C80YHQutCw0Y8g0YLQvtGA0LPQvtCy0L4t0L/RgNC+0LzRi9GI0LvQtdC90L3QsNGPINC/0LDQu9Cw0YLQsA==;NDI1;
NDI5NTA2;0KHRg9C80YHQutCw0Y8g0YLQvtGA0LPQvtCy0L4t0L/RgNC+0LzRi9GI0LvQtdC90L3QsNGPINC/0LDQu9Cw0YLQsA==;MzY2;
NDI5NTA2;0KHRg9C80YHQutCw0Y8g0YLQvtGA0LPQvtCy0L4t0L/RgNC+0LzRi9GI0LvQtdC90L3QsNGPINC/0LDQu9Cw0YLQsA==;Mzgy;
NDI5NTA2;0KHRg9C80YHQutCw0Y8g0YLQvtGA0LPQvtCy0L4t0L/RgNC+0LzRi9GI0LvQtdC90L3QsNGPINC/0LDQu9Cw0YLQsA==;Mzg0;
NDI5NTA2;0KHRg9C80YHQutCw0Y8g0YLQvtGA0LPQvtCy0L4t0L/RgNC+0LzRi9GI0LvQtdC90L3QsNGPINC/0LDQu9Cw0YLQsA==;Mzk5;
NDMwODc3;0KLQtdGA0L3QvtC/0L7Qu9GM0YHQutCw0Y8g0YLQvtGA0LPQvtCy0L4t0L/RgNC+0LzRi9GI0LvQtdC90L3QsNGPINC/0LDQu9Cw0YLQsA==;NDI1;
NDMwODc3;0KLQtdGA0L3QvtC/0L7Qu9GM0YHQutCw0Y8g0YLQvtGA0LPQvtCy0L4t0L/RgNC+0LzRi9GI0LvQtdC90L3QsNGPINC/0LDQu9Cw0YLQsA==;MzY2;
NDMwODc3;0KLQtdGA0L3QvtC/0L7Qu9GM0YHQutCw0Y8g0YLQvtGA0LPQvtCy0L4t0L/RgNC+0LzRi9GI0LvQtdC90L3QsNGPINC/0LDQu9Cw0YLQsA==;Mzgy;
NDMwODc3;0KLQtdGA0L3QvtC/0L7Qu9GM0YHQutCw0Y8g0YLQvtGA0LPQvtCy0L4t0L/RgNC+0LzRi9GI0LvQtdC90L3QsNGPINC/0LDQu9Cw0YLQsA==;Mzg0;
NDMwODc3;0KLQtdGA0L3QvtC/0L7Qu9GM0YHQutCw0Y8g0YLQvtGA0LPQvtCy0L4t0L/RgNC+0LzRi9GI0LvQtdC90L3QsNGPINC/0LDQu9Cw0YLQsA==;Mzk5;
NDMyMjY3;0KXQsNGA0YzQutC+0LLRgdC60LDRjyDRgtC+0YDQs9C+0LLQvi3Qv9GA0L7QvNGL0YjQu9C10L3QvdCw0Y8g0L/QsNC70LDRgtCw;NDI1;
NDMyMjY3;0KXQsNGA0YzQutC+0LLRgdC60LDRjyDRgtC+0YDQs9C+0LLQvi3Qv9GA0L7QvNGL0YjQu9C10L3QvdCw0Y8g0L/QsNC70LDRgtCw;MzY2;
NDMyMjY3;0KXQsNGA0YzQutC+0LLRgdC60LDRjyDRgtC+0YDQs9C+0LLQvi3Qv9GA0L7QvNGL0YjQu9C10L3QvdCw0Y8g0L/QsNC70LDRgtCw;Mzgy;
NDMyMjY3;0KXQsNGA0YzQutC+0LLRgdC60LDRjyDRgtC+0YDQs9C+0LLQvi3Qv9GA0L7QvNGL0YjQu9C10L3QvdCw0Y8g0L/QsNC70LDRgtCw;Mzg0;
NDMyMjY3;0KXQsNGA0YzQutC+0LLRgdC60LDRjyDRgtC+0YDQs9C+0LLQvi3Qv9GA0L7QvNGL0YjQu9C10L3QvdCw0Y8g0L/QsNC70LDRgtCw;Mzk5;
NDM0NDI4;0KXQtdGA0YHQvtC90YHQutCw0Y8g0YLQvtGA0LPQvtCy0L4t0L/RgNC+0LzRi9GI0LvQtdC90L3QsNGPINC/0LDQu9Cw0YLQsA==;NDI1;
NDM0NDI4;0KXQtdGA0YHQvtC90YHQutCw0Y8g0YLQvtGA0LPQvtCy0L4t0L/RgNC+0LzRi9GI0LvQtdC90L3QsNGPINC/0LDQu9Cw0YLQsA==;MzY2;
NDM0NDI4;0KXQtdGA0YHQvtC90YHQutCw0Y8g0YLQvtGA0LPQvtCy0L4t0L/RgNC+0LzRi9GI0LvQtdC90L3QsNGPINC/0LDQu9Cw0YLQsA==;Mzgy;
NDM0NDI4;0KXQtdGA0YHQvtC90YHQutCw0Y8g0YLQvtGA0LPQvtCy0L4t0L/RgNC+0LzRi9GI0LvQtdC90L3QsNGPINC/0LDQu9Cw0YLQsA==;Mzg0;
NDM0NDI4;0KXQtdGA0YHQvtC90YHQutCw0Y8g0YLQvtGA0LPQvtCy0L4t0L/RgNC+0LzRi9GI0LvQtdC90L3QsNGPINC/0LDQu9Cw0YLQsA==;Mzk5;
NDM0NDI4;0KXQtdGA0YHQvtC90YHQutCw0Y8g0YLQvtGA0LPQvtCy0L4t0L/RgNC+0LzRi9GI0LvQtdC90L3QsNGPINC/0LDQu9Cw0YLQsA==;MjA5OTc=;
NDM0NDI4;0KXQtdGA0YHQvtC90YHQutCw0Y8g0YLQvtGA0LPQvtCy0L4t0L/RgNC+0LzRi9GI0LvQtdC90L3QsNGPINC/0LDQu9Cw0YLQsA==;MTg4;
NDM2NDA1;0KXQvNC10LvRjNC90LjRhtC60LDRjyDRgtC+0YDQs9C+0LLQvi3Qv9GA0L7QvNGL0YjQu9C10L3QvdCw0Y8g0L/QsNC70LDRgtCw;NDI1;
NDM2NDA1;0KXQvNC10LvRjNC90LjRhtC60LDRjyDRgtC+0YDQs9C+0LLQvi3Qv9GA0L7QvNGL0YjQu9C10L3QvdCw0Y8g0L/QsNC70LDRgtCw;MzY2;
NDM2NDA1;0KXQvNC10LvRjNC90LjRhtC60LDRjyDRgtC+0YDQs9C+0LLQvi3Qv9GA0L7QvNGL0YjQu9C10L3QvdCw0Y8g0L/QsNC70LDRgtCw;Mzgy;
NDM2NDA1;0KXQvNC10LvRjNC90LjRhtC60LDRjyDRgtC+0YDQs9C+0LLQvi3Qv9GA0L7QvNGL0YjQu9C10L3QvdCw0Y8g0L/QsNC70LDRgtCw;Mzg0;
NDM2NDA1;0KXQvNC10LvRjNC90LjRhtC60LDRjyDRgtC+0YDQs9C+0LLQvi3Qv9GA0L7QvNGL0YjQu9C10L3QvdCw0Y8g0L/QsNC70LDRgtCw;Mzk5;
NDM2NDA1;0KXQvNC10LvRjNC90LjRhtC60LDRjyDRgtC+0YDQs9C+0LLQvi3Qv9GA0L7QvNGL0YjQu9C10L3QvdCw0Y8g0L/QsNC70LDRgtCw;MTgxNTI=;
NDM4MjYx;0KfQtdGA0LrQsNGB0YHQutCw0Y8g0YLQvtGA0LPQvtCy0L4t0L/RgNC+0LzRi9GI0LvQtdC90L3QsNGPINC/0LDQu9Cw0YLQsA==;NDI1;
NDM4MjYx;0KfQtdGA0LrQsNGB0YHQutCw0Y8g0YLQvtGA0LPQvtCy0L4t0L/RgNC+0LzRi9GI0LvQtdC90L3QsNGPINC/0LDQu9Cw0YLQsA==;MzY2;
NDM4MjYx;0KfQtdGA0LrQsNGB0YHQutCw0Y8g0YLQvtGA0LPQvtCy0L4t0L/RgNC+0LzRi9GI0LvQtdC90L3QsNGPINC/0LDQu9Cw0YLQsA==;Mzgy;
NDM4MjYx;0KfQtdGA0LrQsNGB0YHQutCw0Y8g0YLQvtGA0LPQvtCy0L4t0L/RgNC+0LzRi9GI0LvQtdC90L3QsNGPINC/0LDQu9Cw0YLQsA==;Mzg0;
NDM4MjYx;0KfQtdGA0LrQsNGB0YHQutCw0Y8g0YLQvtGA0LPQvtCy0L4t0L/RgNC+0LzRi9GI0LvQtdC90L3QsNGPINC/0LDQu9Cw0YLQsA==;Mzk5;
NDQwMzM0;0KfQtdGA0L3QuNCz0L7QstGB0LrQsNGPINGC0L7RgNCz0L7QstC+LdC/0YDQvtC80YvRiNC70LXQvdC90LDRjyDQv9Cw0LvQsNGC0LA=;NDI1;
NDQwMzM0;0KfQtdGA0L3QuNCz0L7QstGB0LrQsNGPINGC0L7RgNCz0L7QstC+LdC/0YDQvtC80YvRiNC70LXQvdC90LDRjyDQv9Cw0LvQsNGC0LA=;MzY2;
NDQwMzM0;0KfQtdGA0L3QuNCz0L7QstGB0LrQsNGPINGC0L7RgNCz0L7QstC+LdC/0YDQvtC80YvRiNC70LXQvdC90LDRjyDQv9Cw0LvQsNGC0LA=;Mzgy;
NDQwMzM0;0KfQtdGA0L3QuNCz0L7QstGB0LrQsNGPINGC0L7RgNCz0L7QstC+LdC/0YDQvtC80YvRiNC70LXQvdC90LDRjyDQv9Cw0LvQsNGC0LA=;Mzg0;
NDQwMzM0;0KfQtdGA0L3QuNCz0L7QstGB0LrQsNGPINGC0L7RgNCz0L7QstC+LdC/0YDQvtC80YvRiNC70LXQvdC90LDRjyDQv9Cw0LvQsNGC0LA=;Mzk5;
NDQxMjM3;0KfQtdGA0L3QvtCy0LjRhtC60LDRjyDRgtC+0YDQs9C+0LLQvi3Qv9GA0L7QvNGL0YjQu9C10L3QvdCw0Y8g0L/QsNC70LDRgtCw;NDI1;
NDQxMjM3;0KfQtdGA0L3QvtCy0LjRhtC60LDRjyDRgtC+0YDQs9C+0LLQvi3Qv9GA0L7QvNGL0YjQu9C10L3QvdCw0Y8g0L/QsNC70LDRgtCw;MzY2;
NDQxMjM3;0KfQtdGA0L3QvtCy0LjRhtC60LDRjyDRgtC+0YDQs9C+0LLQvi3Qv9GA0L7QvNGL0YjQu9C10L3QvdCw0Y8g0L/QsNC70LDRgtCw;Mzgy;
NDQxMjM3;0KfQtdGA0L3QvtCy0LjRhtC60LDRjyDRgtC+0YDQs9C+0LLQvi3Qv9GA0L7QvNGL0YjQu9C10L3QvdCw0Y8g0L/QsNC70LDRgtCw;Mzg0;
NDQxMjM3;0KfQtdGA0L3QvtCy0LjRhtC60LDRjyDRgtC+0YDQs9C+0LLQvi3Qv9GA0L7QvNGL0YjQu9C10L3QvdCw0Y8g0L/QsNC70LDRgtCw;Mzk5;
NDQ2Mzg1;0KLQvtGA0LPQvtCy0L4t0L/RgNC+0LzRi9GI0LvQtdC90L3QsNGPINC/0LDQu9Cw0YLQsCDQkNGA0LzQtdC90LjQuA==;MzY2;
NDQ2Mzg1;0KLQvtGA0LPQvtCy0L4t0L/RgNC+0LzRi9GI0LvQtdC90L3QsNGPINC/0LDQu9Cw0YLQsCDQkNGA0LzQtdC90LjQuA==;Mzgy;
NDQ2Mzg1;0KLQvtGA0LPQvtCy0L4t0L/RgNC+0LzRi9GI0LvQtdC90L3QsNGPINC/0LDQu9Cw0YLQsCDQkNGA0LzQtdC90LjQuA==;Mzgz;
NDQ2Mzg1;0KLQvtGA0LPQvtCy0L4t0L/RgNC+0LzRi9GI0LvQtdC90L3QsNGPINC/0LDQu9Cw0YLQsCDQkNGA0LzQtdC90LjQuA==;Mzg0;
NDQ2Mzg1;0KLQvtGA0LPQvtCy0L4t0L/RgNC+0LzRi9GI0LvQtdC90L3QsNGPINC/0LDQu9Cw0YLQsCDQkNGA0LzQtdC90LjQuA==;Mzkx;
NDQ3ODgw;0KLQvtGA0LPQvtCy0L4t0L/RgNC+0LzRi9GI0LvQtdC90L3QsNGPINC/0LDQu9Cw0YLQsCDQkNC70LzQsNGC0Ys=;NDMw;
NDQ3ODgw;0KLQvtGA0LPQvtCy0L4t0L/RgNC+0LzRi9GI0LvQtdC90L3QsNGPINC/0LDQu9Cw0YLQsCDQkNC70LzQsNGC0Ys=;MTAxNDU=;
NDQ3ODgw;0KLQvtGA0LPQvtCy0L4t0L/RgNC+0LzRi9GI0LvQtdC90L3QsNGPINC/0LDQu9Cw0YLQsCDQkNC70LzQsNGC0Ys=;MTgwMTI=;
NDQ3ODgw;0KLQvtGA0LPQvtCy0L4t0L/RgNC+0LzRi9GI0LvQtdC90L3QsNGPINC/0LDQu9Cw0YLQsCDQkNC70LzQsNGC0Ys=;MzY2;
NDQ3ODgw;0KLQvtGA0LPQvtCy0L4t0L/RgNC+0LzRi9GI0LvQtdC90L3QsNGPINC/0LDQu9Cw0YLQsCDQkNC70LzQsNGC0Ys=;Mzgy;
NDQ3ODgw;0KLQvtGA0LPQvtCy0L4t0L/RgNC+0LzRi9GI0LvQtdC90L3QsNGPINC/0LDQu9Cw0YLQsCDQkNC70LzQsNGC0Ys=;Mzg0;
NDQ3ODgw;0KLQvtGA0LPQvtCy0L4t0L/RgNC+0LzRi9GI0LvQtdC90L3QsNGPINC/0LDQu9Cw0YLQsCDQkNC70LzQsNGC0Ys=;Mzk5;
NDQ3ODg0;0KLQvtGA0LPQvtCy0L4t0L/RgNC+0LzRi9GI0LvQtdC90L3QsNGPINC/0LDQu9Cw0YLQsCDQl9Cw0LHQsNC50LrQsNC70YzRgdC60L7Qs9C+INC60YDQsNGP;MzY2;
NDQ3ODg0;0KLQvtGA0LPQvtCy0L4t0L/RgNC+0LzRi9GI0LvQtdC90L3QsNGPINC/0LDQu9Cw0YLQsCDQl9Cw0LHQsNC50LrQsNC70YzRgdC60L7Qs9C+INC60YDQsNGP;Mzgy;
NDQ3ODg0;0KLQvtGA0LPQvtCy0L4t0L/RgNC+0LzRi9GI0LvQtdC90L3QsNGPINC/0LDQu9Cw0YLQsCDQl9Cw0LHQsNC50LrQsNC70YzRgdC60L7Qs9C+INC60YDQsNGP;Mzg0;
NDQ3ODg0;0KLQvtGA0LPQvtCy0L4t0L/RgNC+0LzRi9GI0LvQtdC90L3QsNGPINC/0LDQu9Cw0YLQsCDQl9Cw0LHQsNC50LrQsNC70YzRgdC60L7Qs9C+INC60YDQsNGP;Mzk5;
NDQ3ODg0;0KLQvtGA0LPQvtCy0L4t0L/RgNC+0LzRi9GI0LvQtdC90L3QsNGPINC/0LDQu9Cw0YLQsCDQl9Cw0LHQsNC50LrQsNC70YzRgdC60L7Qs9C+INC60YDQsNGP;MTg4;
NDQ4MTIz;0JTQsNC70YzQvdC10LLQvtGB0YLQvtGH0L3QsNGPINGC0L7RgNCz0L7QstC+LdC/0YDQvtC80YvRiNC70LXQvdC90LDRjyDQv9Cw0LvQsNGC0LA=;MzY2;
NDQ4MTIz;0JTQsNC70YzQvdC10LLQvtGB0YLQvtGH0L3QsNGPINGC0L7RgNCz0L7QstC+LdC/0YDQvtC80YvRiNC70LXQvdC90LDRjyDQv9Cw0LvQsNGC0LA=;Mzgy;
NDQ4MTIz;0JTQsNC70YzQvdC10LLQvtGB0YLQvtGH0L3QsNGPINGC0L7RgNCz0L7QstC+LdC/0YDQvtC80YvRiNC70LXQvdC90LDRjyDQv9Cw0LvQsNGC0LA=;Mzg0;
NDQ4MTIz;0JTQsNC70YzQvdC10LLQvtGB0YLQvtGH0L3QsNGPINGC0L7RgNCz0L7QstC+LdC/0YDQvtC80YvRiNC70LXQvdC90LDRjyDQv9Cw0LvQsNGC0LA=;Mzk5;
NDQ4OTc1;0JDQu9GC0LDQudGB0LrQsNGPINGC0L7RgNCz0L7QstC+LdC/0YDQvtC80YvRiNC70LXQvdC90LDRjyDQv9Cw0LvQsNGC0LA=;MzY2;
NDQ4OTc1;0JDQu9GC0LDQudGB0LrQsNGPINGC0L7RgNCz0L7QstC+LdC/0YDQvtC80YvRiNC70LXQvdC90LDRjyDQv9Cw0LvQsNGC0LA=;Mzgy;
NDQ4OTc1;0JDQu9GC0LDQudGB0LrQsNGPINGC0L7RgNCz0L7QstC+LdC/0YDQvtC80YvRiNC70LXQvdC90LDRjyDQv9Cw0LvQsNGC0LA=;Mzg0;
NDQ4OTc1;0JDQu9GC0LDQudGB0LrQsNGPINGC0L7RgNCz0L7QstC+LdC/0YDQvtC80YvRiNC70LXQvdC90LDRjyDQv9Cw0LvQsNGC0LA=;Mzk5;
NDUyMTQx;0JPRg9Cx0LrQuNC90YHQutCw0Y8g0YLQvtGA0LPQvtCy0L4t0L/RgNC+0LzRi9GI0LvQtdC90L3QsNGPINC/0LDQu9Cw0YLQsA==;MzY2;
NDUyMTQx;0JPRg9Cx0LrQuNC90YHQutCw0Y8g0YLQvtGA0LPQvtCy0L4t0L/RgNC+0LzRi9GI0LvQtdC90L3QsNGPINC/0LDQu9Cw0YLQsA==;Mzgy;
NDUyMTQx;0JPRg9Cx0LrQuNC90YHQutCw0Y8g0YLQvtGA0LPQvtCy0L4t0L/RgNC+0LzRi9GI0LvQtdC90L3QsNGPINC/0LDQu9Cw0YLQsA==;Mzg0;
NDUyMTQx;0JPRg9Cx0LrQuNC90YHQutCw0Y8g0YLQvtGA0LPQvtCy0L4t0L/RgNC+0LzRi9GI0LvQtdC90L3QsNGPINC/0LDQu9Cw0YLQsA==;Mzk5;
NDUyMzk4;0JrRg9C30LHQsNGB0YHQutCw0Y8g0YLQvtGA0LPQvtCy0L4t0L/RgNC+0LzRi9GI0LvQtdC90L3QsNGPINC/0LDQu9Cw0YLQsA==;MzY2;
NDUyMzk4;0JrRg9C30LHQsNGB0YHQutCw0Y8g0YLQvtGA0LPQvtCy0L4t0L/RgNC+0LzRi9GI0LvQtdC90L3QsNGPINC/0LDQu9Cw0YLQsA==;Mzgy;
NDUyMzk4;0JrRg9C30LHQsNGB0YHQutCw0Y8g0YLQvtGA0LPQvtCy0L4t0L/RgNC+0LzRi9GI0LvQtdC90L3QsNGPINC/0LDQu9Cw0YLQsA==;Mzg0;
NDUyMzk4;0JrRg9C30LHQsNGB0YHQutCw0Y8g0YLQvtGA0LPQvtCy0L4t0L/RgNC+0LzRi9GI0LvQtdC90L3QsNGPINC/0LDQu9Cw0YLQsA==;Mzk5;
NDU4NDE2;0KLQvtGA0LPQvtCy0L4t0L/RgNC+0LzRi9GI0LvQtdC90L3QsNGPINC/0LDQu9Cw0YLQsCDRgNC10YHQv9GD0LHQu9C40LrQuCDQoNC10YHQv9GD0LHQu9C40LrQuCDQpdCw0LrQsNGB0LjRjw==;MzY2;
NDU4NDE2;0KLQvtGA0LPQvtCy0L4t0L/RgNC+0LzRi9GI0LvQtdC90L3QsNGPINC/0LDQu9Cw0YLQsCDRgNC10YHQv9GD0LHQu9C40LrQuCDQoNC10YHQv9GD0LHQu9C40LrQuCDQpdCw0LrQsNGB0LjRjw==;Mzgy;
NDU4NDE2;0KLQvtGA0LPQvtCy0L4t0L/RgNC+0LzRi9GI0LvQtdC90L3QsNGPINC/0LDQu9Cw0YLQsCDRgNC10YHQv9GD0LHQu9C40LrQuCDQoNC10YHQv9GD0LHQu9C40LrQuCDQpdCw0LrQsNGB0LjRjw==;Mzg0;
NDU4NDE2;0KLQvtGA0LPQvtCy0L4t0L/RgNC+0LzRi9GI0LvQtdC90L3QsNGPINC/0LDQu9Cw0YLQsCDRgNC10YHQv9GD0LHQu9C40LrQuCDQoNC10YHQv9GD0LHQu9C40LrQuCDQpdCw0LrQsNGB0LjRjw==;Mzk5;
NDY0MDk3;0KLQvtGA0LPQvtCy0L4t0L/RgNC+0LzRi9GI0LvQtdC90L3QsNGPINC/0LDQu9Cw0YLQsCDQp9C10YfQtdC90YHQutC+0Lkg0KDQtdGB0L/Rg9Cx0LvQuNC60Lg=;MzY2;
NDY0MDk3;0KLQvtGA0LPQvtCy0L4t0L/RgNC+0LzRi9GI0LvQtdC90L3QsNGPINC/0LDQu9Cw0YLQsCDQp9C10YfQtdC90YHQutC+0Lkg0KDQtdGB0L/Rg9Cx0LvQuNC60Lg=;Mzgy;
NDY0MDk3;0KLQvtGA0LPQvtCy0L4t0L/RgNC+0LzRi9GI0LvQtdC90L3QsNGPINC/0LDQu9Cw0YLQsCDQp9C10YfQtdC90YHQutC+0Lkg0KDQtdGB0L/Rg9Cx0LvQuNC60Lg=;Mzg0;
NDY0MDk3;0KLQvtGA0LPQvtCy0L4t0L/RgNC+0LzRi9GI0LvQtdC90L3QsNGPINC/0LDQu9Cw0YLQsCDQp9C10YfQtdC90YHQutC+0Lkg0KDQtdGB0L/Rg9Cx0LvQuNC60Lg=;Mzk5;
NDY0MDk3;0KLQvtGA0LPQvtCy0L4t0L/RgNC+0LzRi9GI0LvQtdC90L3QsNGPINC/0LDQu9Cw0YLQsCDQp9C10YfQtdC90YHQutC+0Lkg0KDQtdGB0L/Rg9Cx0LvQuNC60Lg=;MTg3MDQ=;
NDY1NDky;0KLQvtGA0LPQvtCy0L4t0L/RgNC+0LzRi9GI0LvQtdC90L3QsNGPINC/0LDQu9Cw0YLQsCDQktC+0YHRgtC+0YfQvdC+0Lkg0KHQuNCx0LjRgNC4;MzY2;
NDY1NDky;0KLQvtGA0LPQvtCy0L4t0L/RgNC+0LzRi9GI0LvQtdC90L3QsNGPINC/0LDQu9Cw0YLQsCDQktC+0YHRgtC+0YfQvdC+0Lkg0KHQuNCx0LjRgNC4;Mzgy;
NDY1NDky;0KLQvtGA0LPQvtCy0L4t0L/RgNC+0LzRi9GI0LvQtdC90L3QsNGPINC/0LDQu9Cw0YLQsCDQktC+0YHRgtC+0YfQvdC+0Lkg0KHQuNCx0LjRgNC4;Mzg0;
NDY1NDky;0KLQvtGA0LPQvtCy0L4t0L/RgNC+0LzRi9GI0LvQtdC90L3QsNGPINC/0LDQu9Cw0YLQsCDQktC+0YHRgtC+0YfQvdC+0Lkg0KHQuNCx0LjRgNC4;Mzk5;
NDY5NzA2;0KLQvtGA0LPQvtCy0L4t0L/RgNC+0LzRi9GI0LvQtdC90L3QsNGPINC/0LDQu9Cw0YLQsCDQoNC10YHQv9GD0LHQu9C40LrQuCDQmNC90LPRg9GI0LXRgtC40Y8=;MTM=;
NDY5NzA2;0KLQvtGA0LPQvtCy0L4t0L/RgNC+0LzRi9GI0LvQtdC90L3QsNGPINC/0LDQu9Cw0YLQsCDQoNC10YHQv9GD0LHQu9C40LrQuCDQmNC90LPRg9GI0LXRgtC40Y8=;MzY2;
NDY5NzA2;0KLQvtGA0LPQvtCy0L4t0L/RgNC+0LzRi9GI0LvQtdC90L3QsNGPINC/0LDQu9Cw0YLQsCDQoNC10YHQv9GD0LHQu9C40LrQuCDQmNC90LPRg9GI0LXRgtC40Y8=;Mzgy;
NDY5NzA2;0KLQvtGA0LPQvtCy0L4t0L/RgNC+0LzRi9GI0LvQtdC90L3QsNGPINC/0LDQu9Cw0YLQsCDQoNC10YHQv9GD0LHQu9C40LrQuCDQmNC90LPRg9GI0LXRgtC40Y8=;Mzg0;
NDY5NzA2;0KLQvtGA0LPQvtCy0L4t0L/RgNC+0LzRi9GI0LvQtdC90L3QsNGPINC/0LDQu9Cw0YLQsCDQoNC10YHQv9GD0LHQu9C40LrQuCDQmNC90LPRg9GI0LXRgtC40Y8=;Mzk5;
NDY5ODEw;0KLQvtGA0LPQvtCy0L4t0L/RgNC+0LzRi9GI0LvQtdC90L3QsNGPINC/0LDQu9Cw0YLQsCDQs9C+0YDQvtC00LAg0JTRg9Cx0L3Riw==;MzY2;
NDY5ODEw;0KLQvtGA0LPQvtCy0L4t0L/RgNC+0LzRi9GI0LvQtdC90L3QsNGPINC/0LDQu9Cw0YLQsCDQs9C+0YDQvtC00LAg0JTRg9Cx0L3Riw==;Mzgy;
NDY5ODEw;0KLQvtGA0LPQvtCy0L4t0L/RgNC+0LzRi9GI0LvQtdC90L3QsNGPINC/0LDQu9Cw0YLQsCDQs9C+0YDQvtC00LAg0JTRg9Cx0L3Riw==;Mzg0;
NDY5ODEw;0KLQvtGA0LPQvtCy0L4t0L/RgNC+0LzRi9GI0LvQtdC90L3QsNGPINC/0LDQu9Cw0YLQsCDQs9C+0YDQvtC00LAg0JTRg9Cx0L3Riw==;Mzk5;
NDY5ODEw;0KLQvtGA0LPQvtCy0L4t0L/RgNC+0LzRi9GI0LvQtdC90L3QsNGPINC/0LDQu9Cw0YLQsCDQs9C+0YDQvtC00LAg0JTRg9Cx0L3Riw==;MTg4;
NDY5ODkx;0JrQvtC70YzRh9GD0LPQuNC90YHQutCw0Y8g0YLQvtGA0LPQvtCy0L4t0L/RgNC+0LzRi9GI0LvQtdC90L3QsNGPINC/0LDQu9Cw0YLQsA==;MzY2;
NDY5ODkx;0JrQvtC70YzRh9GD0LPQuNC90YHQutCw0Y8g0YLQvtGA0LPQvtCy0L4t0L/RgNC+0LzRi9GI0LvQtdC90L3QsNGPINC/0LDQu9Cw0YLQsA==;Mzgy;
NDY5ODkx;0JrQvtC70YzRh9GD0LPQuNC90YHQutCw0Y8g0YLQvtGA0LPQvtCy0L4t0L/RgNC+0LzRi9GI0LvQtdC90L3QsNGPINC/0LDQu9Cw0YLQsA==;Mzg0;
NDY5ODkx;0JrQvtC70YzRh9GD0LPQuNC90YHQutCw0Y8g0YLQvtGA0LPQvtCy0L4t0L/RgNC+0LzRi9GI0LvQtdC90L3QsNGPINC/0LDQu9Cw0YLQsA==;Mzk5;
NDcwMTc0;0JLQvtC70LbRgdC60LDRjyDRgtC+0YDQs9C+0LLQvi3Qv9GA0L7QvNGL0YjQu9C10L3QvdCw0Y8g0L/QsNC70LDRgtCw;MzY2;
NDcwMTc0;0JLQvtC70LbRgdC60LDRjyDRgtC+0YDQs9C+0LLQvi3Qv9GA0L7QvNGL0YjQu9C10L3QvdCw0Y8g0L/QsNC70LDRgtCw;Mzgy;
NDcwMTc0;0JLQvtC70LbRgdC60LDRjyDRgtC+0YDQs9C+0LLQvi3Qv9GA0L7QvNGL0YjQu9C10L3QvdCw0Y8g0L/QsNC70LDRgtCw;Mzg0;
NDcwMTc0;0JLQvtC70LbRgdC60LDRjyDRgtC+0YDQs9C+0LLQvi3Qv9GA0L7QvNGL0YjQu9C10L3QvdCw0Y8g0L/QsNC70LDRgtCw;Mzk5;
NDcwMjg0;0KLQvtGA0LPQvtCy0L4t0L/RgNC+0LzRi9GI0LvQtdC90L3QsNGPINC/0LDQu9Cw0YLQsCDQs9C+0YDQvtC00LAg0JPQvtGA0Y/Rh9C40Lkg0JrQu9GO0Yc=;MTg3MjY=;
NDcwMjg0;0KLQvtGA0LPQvtCy0L4t0L/RgNC+0LzRi9GI0LvQtdC90L3QsNGPINC/0LDQu9Cw0YLQsCDQs9C+0YDQvtC00LAg0JPQvtGA0Y/Rh9C40Lkg0JrQu9GO0Yc=;MzY2;
NDcwMjg0;0KLQvtGA0LPQvtCy0L4t0L/RgNC+0LzRi9GI0LvQtdC90L3QsNGPINC/0LDQu9Cw0YLQsCDQs9C+0YDQvtC00LAg0JPQvtGA0Y/Rh9C40Lkg0JrQu9GO0Yc=;Mzgy;
NDcwMjg0;0KLQvtGA0LPQvtCy0L4t0L/RgNC+0LzRi9GI0LvQtdC90L3QsNGPINC/0LDQu9Cw0YLQsCDQs9C+0YDQvtC00LAg0JPQvtGA0Y/Rh9C40Lkg0JrQu9GO0Yc=;Mzg0;
NDcwMjg0;0KLQvtGA0LPQvtCy0L4t0L/RgNC+0LzRi9GI0LvQtdC90L3QsNGPINC/0LDQu9Cw0YLQsCDQs9C+0YDQvtC00LAg0JPQvtGA0Y/Rh9C40Lkg0JrQu9GO0Yc=;Mzk5;
NDcwMjg0;0KLQvtGA0LPQvtCy0L4t0L/RgNC+0LzRi9GI0LvQtdC90L3QsNGPINC/0LDQu9Cw0YLQsCDQs9C+0YDQvtC00LAg0JPQvtGA0Y/Rh9C40Lkg0JrQu9GO0Yc=;MTg4;
NDcwNDM4;0KLQvtGA0LPQvtCy0L4t0L/RgNC+0LzRi9GI0LvQtdC90L3QsNGPINC/0LDQu9Cw0YLQsCDQmtGA0L7QvdGI0YLQsNC00YI=;MzY2;
NDcwNDM4;0KLQvtGA0LPQvtCy0L4t0L/RgNC+0LzRi9GI0LvQtdC90L3QsNGPINC/0LDQu9Cw0YLQsCDQmtGA0L7QvdGI0YLQsNC00YI=;Mzgy;
NDcwNDM4;0KLQvtGA0LPQvtCy0L4t0L/RgNC+0LzRi9GI0LvQtdC90L3QsNGPINC/0LDQu9Cw0YLQsCDQmtGA0L7QvdGI0YLQsNC00YI=;Mzg0;
NDcwNDM4;0KLQvtGA0LPQvtCy0L4t0L/RgNC+0LzRi9GI0LvQtdC90L3QsNGPINC/0LDQu9Cw0YLQsCDQmtGA0L7QvdGI0YLQsNC00YI=;Mzk5;
NDc2MjEw;0JHQtdC70LPQvtGA0L7QtNGB0LrQsNGPINGC0L7RgNCz0L7QstC+LdC/0YDQvtC80YvRiNC70LXQvdC90LDRjyDQv9Cw0LvQsNGC0LA=;MzY2;
NDc2MjEw;0JHQtdC70LPQvtGA0L7QtNGB0LrQsNGPINGC0L7RgNCz0L7QstC+LdC/0YDQvtC80YvRiNC70LXQvdC90LDRjyDQv9Cw0LvQsNGC0LA=;Mzgy;
NDc2MjEw;0JHQtdC70LPQvtGA0L7QtNGB0LrQsNGPINGC0L7RgNCz0L7QstC+LdC/0YDQvtC80YvRiNC70LXQvdC90LDRjyDQv9Cw0LvQsNGC0LA=;Mzg0;
NDc2MjEw;0JHQtdC70LPQvtGA0L7QtNGB0LrQsNGPINGC0L7RgNCz0L7QstC+LdC/0YDQvtC80YvRiNC70LXQvdC90LDRjyDQv9Cw0LvQsNGC0LA=;Mzk5;
NDc2MjEw;0JHQtdC70LPQvtGA0L7QtNGB0LrQsNGPINGC0L7RgNCz0L7QstC+LdC/0YDQvtC80YvRiNC70LXQvdC90LDRjyDQv9Cw0LvQsNGC0LA=;MTg4;
NDgxMDg5;0KHRgtCw0YDQvtC+0YHQutC+0LvRjNGB0LrQsNGPINGC0L7RgNCz0L7QstC+LdC/0YDQvtC80YvRiNC70LXQvdC90LDRjyDQv9Cw0LvQsNGC0LA=;MzY2;
NDgxMDg5;0KHRgtCw0YDQvtC+0YHQutC+0LvRjNGB0LrQsNGPINGC0L7RgNCz0L7QstC+LdC/0YDQvtC80YvRiNC70LXQvdC90LDRjyDQv9Cw0LvQsNGC0LA=;Mzgy;
NDgxMDg5;0KHRgtCw0YDQvtC+0YHQutC+0LvRjNGB0LrQsNGPINGC0L7RgNCz0L7QstC+LdC/0YDQvtC80YvRiNC70LXQvdC90LDRjyDQv9Cw0LvQsNGC0LA=;Mzg0;
NDgxMDg5;0KHRgtCw0YDQvtC+0YHQutC+0LvRjNGB0LrQsNGPINGC0L7RgNCz0L7QstC+LdC/0YDQvtC80YvRiNC70LXQvdC90LDRjyDQv9Cw0LvQsNGC0LA=;Mzk5;
NDgxMDg5;0KHRgtCw0YDQvtC+0YHQutC+0LvRjNGB0LrQsNGPINGC0L7RgNCz0L7QstC+LdC/0YDQvtC80YvRiNC70LXQvdC90LDRjyDQv9Cw0LvQsNGC0LA=;MTg4;
NDgxOTk2;0KLQvtGA0LPQvtCy0L4t0L/RgNC+0LzRi9GI0LvQtdC90L3QsNGPINC/0LDQu9Cw0YLQsCDQs9C+0YDQvtC00LAg0JTQt9C10YDQttC40L3RgdC60LA=;MTk3OTg=;
NDgxOTk2;0KLQvtGA0LPQvtCy0L4t0L/RgNC+0LzRi9GI0LvQtdC90L3QsNGPINC/0LDQu9Cw0YLQsCDQs9C+0YDQvtC00LAg0JTQt9C10YDQttC40L3RgdC60LA=;MzY2;
NDgxOTk2;0KLQvtGA0LPQvtCy0L4t0L/RgNC+0LzRi9GI0LvQtdC90L3QsNGPINC/0LDQu9Cw0YLQsCDQs9C+0YDQvtC00LAg0JTQt9C10YDQttC40L3RgdC60LA=;Mzgy;
NDgxOTk2;0KLQvtGA0LPQvtCy0L4t0L/RgNC+0LzRi9GI0LvQtdC90L3QsNGPINC/0LDQu9Cw0YLQsCDQs9C+0YDQvtC00LAg0JTQt9C10YDQttC40L3RgdC60LA=;Mzg0;
NDgxOTk2;0KLQvtGA0LPQvtCy0L4t0L/RgNC+0LzRi9GI0LvQtdC90L3QsNGPINC/0LDQu9Cw0YLQsCDQs9C+0YDQvtC00LAg0JTQt9C10YDQttC40L3RgdC60LA=;Mzk5;
NDgxOTk2;0KLQvtGA0LPQvtCy0L4t0L/RgNC+0LzRi9GI0LvQtdC90L3QsNGPINC/0LDQu9Cw0YLQsCDQs9C+0YDQvtC00LAg0JTQt9C10YDQttC40L3RgdC60LA=;MTg4;
NDgyMjYz;0JvRjtCx0LXRgNC10YbQutCw0Y8g0YLQvtGA0LPQvtCy0L4t0L/RgNC+0LzRi9GI0LvQtdC90L3QsNGPINC/0LDQu9Cw0YLQsA==;MzY2;
NDgyMjYz;0JvRjtCx0LXRgNC10YbQutCw0Y8g0YLQvtGA0LPQvtCy0L4t0L/RgNC+0LzRi9GI0LvQtdC90L3QsNGPINC/0LDQu9Cw0YLQsA==;Mzgy;
NDgyMjYz;0JvRjtCx0LXRgNC10YbQutCw0Y8g0YLQvtGA0LPQvtCy0L4t0L/RgNC+0LzRi9GI0LvQtdC90L3QsNGPINC/0LDQu9Cw0YLQsA==;Mzg0;
NDgyMjYz;0JvRjtCx0LXRgNC10YbQutCw0Y8g0YLQvtGA0LPQvtCy0L4t0L/RgNC+0LzRi9GI0LvQtdC90L3QsNGPINC/0LDQu9Cw0YLQsA==;Mzk5;
NDgyMjYz;0JvRjtCx0LXRgNC10YbQutCw0Y8g0YLQvtGA0LPQvtCy0L4t0L/RgNC+0LzRi9GI0LvQtdC90L3QsNGPINC/0LDQu9Cw0YLQsA==;MTg4;
NDgzNzQz;0KLQvtGA0LPQvtCy0L4t0L/RgNC+0LzRi9GI0LvQtdC90L3QsNGPINC/0LDQu9Cw0YLQsCDQs9C+0YDQvtC00LAg0J3QuNC20L3QuNC5INCi0LDQs9C40Ls=;MTk4NTM=;
NDgzNzQz;0KLQvtGA0LPQvtCy0L4t0L/RgNC+0LzRi9GI0LvQtdC90L3QsNGPINC/0LDQu9Cw0YLQsCDQs9C+0YDQvtC00LAg0J3QuNC20L3QuNC5INCi0LDQs9C40Ls=;MzY2;
NDgzNzQz;0KLQvtGA0LPQvtCy0L4t0L/RgNC+0LzRi9GI0LvQtdC90L3QsNGPINC/0LDQu9Cw0YLQsCDQs9C+0YDQvtC00LAg0J3QuNC20L3QuNC5INCi0LDQs9C40Ls=;Mzgy;
NDgzNzQz;0KLQvtGA0LPQvtCy0L4t0L/RgNC+0LzRi9GI0LvQtdC90L3QsNGPINC/0LDQu9Cw0YLQsCDQs9C+0YDQvtC00LAg0J3QuNC20L3QuNC5INCi0LDQs9C40Ls=;Mzg0;
NDgzNzQz;0KLQvtGA0LPQvtCy0L4t0L/RgNC+0LzRi9GI0LvQtdC90L3QsNGPINC/0LDQu9Cw0YLQsCDQs9C+0YDQvtC00LAg0J3QuNC20L3QuNC5INCi0LDQs9C40Ls=;Mzk5;
NDgzNzQz;0KLQvtGA0LPQvtCy0L4t0L/RgNC+0LzRi9GI0LvQtdC90L3QsNGPINC/0LDQu9Cw0YLQsCDQs9C+0YDQvtC00LAg0J3QuNC20L3QuNC5INCi0LDQs9C40Ls=;MTg4;
NDgzNzgy;0JHRgNGP0L3RgdC60LDRjyDRgtC+0YDQs9C+0LLQvi3Qv9GA0L7QvNGL0YjQu9C10L3QvdCw0Y8g0L/QsNC70LDRgtCw;MzY2;
NDgzNzgy;0JHRgNGP0L3RgdC60LDRjyDRgtC+0YDQs9C+0LLQvi3Qv9GA0L7QvNGL0YjQu9C10L3QvdCw0Y8g0L/QsNC70LDRgtCw;Mzgy;
NDgzNzgy;0JHRgNGP0L3RgdC60LDRjyDRgtC+0YDQs9C+0LLQvi3Qv9GA0L7QvNGL0YjQu9C10L3QvdCw0Y8g0L/QsNC70LDRgtCw;Mzg0;
NDgzNzgy;0JHRgNGP0L3RgdC60LDRjyDRgtC+0YDQs9C+0LLQvi3Qv9GA0L7QvNGL0YjQu9C10L3QvdCw0Y8g0L/QsNC70LDRgtCw;Mzk5;
NDgzNzgy;0JHRgNGP0L3RgdC60LDRjyDRgtC+0YDQs9C+0LLQvi3Qv9GA0L7QvNGL0YjQu9C10L3QvdCw0Y8g0L/QsNC70LDRgtCw;MTk4NzA=;
NDgzNzgy;0JHRgNGP0L3RgdC60LDRjyDRgtC+0YDQs9C+0LLQvi3Qv9GA0L7QvNGL0YjQu9C10L3QvdCw0Y8g0L/QsNC70LDRgtCw;MTk4NTE=;
NDgzNzgy;0JHRgNGP0L3RgdC60LDRjyDRgtC+0YDQs9C+0LLQvi3Qv9GA0L7QvNGL0YjQu9C10L3QvdCw0Y8g0L/QsNC70LDRgtCw;MTk4NzU=;
NDgzNzgy;0JHRgNGP0L3RgdC60LDRjyDRgtC+0YDQs9C+0LLQvi3Qv9GA0L7QvNGL0YjQu9C10L3QvdCw0Y8g0L/QsNC70LDRgtCw;MTk4NzM=;
NDgzNzgy;0JHRgNGP0L3RgdC60LDRjyDRgtC+0YDQs9C+0LLQvi3Qv9GA0L7QvNGL0YjQu9C10L3QvdCw0Y8g0L/QsNC70LDRgtCw;MTk4NzQ=;
NDgzNzgy;0JHRgNGP0L3RgdC60LDRjyDRgtC+0YDQs9C+0LLQvi3Qv9GA0L7QvNGL0YjQu9C10L3QvdCw0Y8g0L/QsNC70LDRgtCw;MTk4NzI=;
NDgzNzgy;0JHRgNGP0L3RgdC60LDRjyDRgtC+0YDQs9C+0LLQvi3Qv9GA0L7QvNGL0YjQu9C10L3QvdCw0Y8g0L/QsNC70LDRgtCw;MTk4OTc=;
NDgzNzgy;0JHRgNGP0L3RgdC60LDRjyDRgtC+0YDQs9C+0LLQvi3Qv9GA0L7QvNGL0YjQu9C10L3QvdCw0Y8g0L/QsNC70LDRgtCw;MTk4OTg=;
NDgzNzgy;0JHRgNGP0L3RgdC60LDRjyDRgtC+0YDQs9C+0LLQvi3Qv9GA0L7QvNGL0YjQu9C10L3QvdCw0Y8g0L/QsNC70LDRgtCw;MTk4OTk=;
NDg1MDI2;0KLQvtGA0LPQvtCy0L4t0L/RgNC+0LzRi9GI0LvQtdC90L3QsNGPINC/0LDQu9Cw0YLQsCAg0JzQvtGB0LrQvtCy0YHQutC+0Lkg0L7QsdC70LDRgdGC0Lg=;MTg4;
NDg1MDI2;0KLQvtGA0LPQvtCy0L4t0L/RgNC+0LzRi9GI0LvQtdC90L3QsNGPINC/0LDQu9Cw0YLQsCAg0JzQvtGB0LrQvtCy0YHQutC+0Lkg0L7QsdC70LDRgdGC0Lg=;MTk4ODg=;
NDg1MDI2;0KLQvtGA0LPQvtCy0L4t0L/RgNC+0LzRi9GI0LvQtdC90L3QsNGPINC/0LDQu9Cw0YLQsCAg0JzQvtGB0LrQvtCy0YHQutC+0Lkg0L7QsdC70LDRgdGC0Lg=;MzY2;
NDg1MDI2;0KLQvtGA0LPQvtCy0L4t0L/RgNC+0LzRi9GI0LvQtdC90L3QsNGPINC/0LDQu9Cw0YLQsCAg0JzQvtGB0LrQvtCy0YHQutC+0Lkg0L7QsdC70LDRgdGC0Lg=;Mzgy;
NDg1MDI2;0KLQvtGA0LPQvtCy0L4t0L/RgNC+0LzRi9GI0LvQtdC90L3QsNGPINC/0LDQu9Cw0YLQsCAg0JzQvtGB0LrQvtCy0YHQutC+0Lkg0L7QsdC70LDRgdGC0Lg=;Mzg0;
NDg1MDI2;0KLQvtGA0LPQvtCy0L4t0L/RgNC+0LzRi9GI0LvQtdC90L3QsNGPINC/0LDQu9Cw0YLQsCAg0JzQvtGB0LrQvtCy0YHQutC+0Lkg0L7QsdC70LDRgdGC0Lg=;Mzk5;
NDg1MDI2;0KLQvtGA0LPQvtCy0L4t0L/RgNC+0LzRi9GI0LvQtdC90L3QsNGPINC/0LDQu9Cw0YLQsCAg0JzQvtGB0LrQvtCy0YHQutC+0Lkg0L7QsdC70LDRgdGC0Lg=;MTg4;
NDg1MDkw;0KLQvtGA0LPQvtCy0L4t0L/RgNC+0LzRi9GI0LvQtdC90L3QsNGPINC/0LDQu9Cw0YLQsCDQm9C10L3QuNC90LPRgNCw0LTRgdC60L7QuSDQvtCx0LvQsNGB0YLQuA==;MzY2;
NDg1MDkw;0KLQvtGA0LPQvtCy0L4t0L/RgNC+0LzRi9GI0LvQtdC90L3QsNGPINC/0LDQu9Cw0YLQsCDQm9C10L3QuNC90LPRgNCw0LTRgdC60L7QuSDQvtCx0LvQsNGB0YLQuA==;Mzgy;
NDg1MDkw;0KLQvtGA0LPQvtCy0L4t0L/RgNC+0LzRi9GI0LvQtdC90L3QsNGPINC/0LDQu9Cw0YLQsCDQm9C10L3QuNC90LPRgNCw0LTRgdC60L7QuSDQvtCx0LvQsNGB0YLQuA==;Mzg0;
NDg1MDkw;0KLQvtGA0LPQvtCy0L4t0L/RgNC+0LzRi9GI0LvQtdC90L3QsNGPINC/0LDQu9Cw0YLQsCDQm9C10L3QuNC90LPRgNCw0LTRgdC60L7QuSDQvtCx0LvQsNGB0YLQuA==;Mzk5;
NDg1MDkw;0KLQvtGA0LPQvtCy0L4t0L/RgNC+0LzRi9GI0LvQtdC90L3QsNGPINC/0LDQu9Cw0YLQsCDQm9C10L3QuNC90LPRgNCw0LTRgdC60L7QuSDQvtCx0LvQsNGB0YLQuA==;MTg4;
NDg1MTY5;0KHQtdCy0LXRgNC90LDRjyDRgtC+0YDQs9C+0LLQvi3Qv9GA0L7QvNGL0YjQu9C10L3QvdCw0Y8g0L/QsNC70LDRgtCw;MzY2;
NDg1MTY5;0KHQtdCy0LXRgNC90LDRjyDRgtC+0YDQs9C+0LLQvi3Qv9GA0L7QvNGL0YjQu9C10L3QvdCw0Y8g0L/QsNC70LDRgtCw;Mzgy;
NDg1MTY5;0KHQtdCy0LXRgNC90LDRjyDRgtC+0YDQs9C+0LLQvi3Qv9GA0L7QvNGL0YjQu9C10L3QvdCw0Y8g0L/QsNC70LDRgtCw;Mzg0;
NDg1MTY5;0KHQtdCy0LXRgNC90LDRjyDRgtC+0YDQs9C+0LLQvi3Qv9GA0L7QvNGL0YjQu9C10L3QvdCw0Y8g0L/QsNC70LDRgtCw;Mzk5;
NDg1MTY5;0KHQtdCy0LXRgNC90LDRjyDRgtC+0YDQs9C+0LLQvi3Qv9GA0L7QvNGL0YjQu9C10L3QvdCw0Y8g0L/QsNC70LDRgtCw;MTk4OTQ=;
NDg1MTY5;0KHQtdCy0LXRgNC90LDRjyDRgtC+0YDQs9C+0LLQvi3Qv9GA0L7QvNGL0YjQu9C10L3QvdCw0Y8g0L/QsNC70LDRgtCw;MTg4;
NDg1Njcx;0J7RgNC70L7QstGB0LrQsNGPINGC0L7RgNCz0L7QstC+LdC/0YDQvtC80YvRiNC70LXQvdC90LDRjyDQv9Cw0LvQsNGC0LA=;MTg4;
NDg1Njcx;0J7RgNC70L7QstGB0LrQsNGPINGC0L7RgNCz0L7QstC+LdC/0YDQvtC80YvRiNC70LXQvdC90LDRjyDQv9Cw0LvQsNGC0LA=;MzY2;
NDg1Njcx;0J7RgNC70L7QstGB0LrQsNGPINGC0L7RgNCz0L7QstC+LdC/0YDQvtC80YvRiNC70LXQvdC90LDRjyDQv9Cw0LvQsNGC0LA=;Mzgy;
NDg1Njcx;0J7RgNC70L7QstGB0LrQsNGPINGC0L7RgNCz0L7QstC+LdC/0YDQvtC80YvRiNC70LXQvdC90LDRjyDQv9Cw0LvQsNGC0LA=;Mzg0;
NDg1Njcx;0J7RgNC70L7QstGB0LrQsNGPINGC0L7RgNCz0L7QstC+LdC/0YDQvtC80YvRiNC70LXQvdC90LDRjyDQv9Cw0LvQsNGC0LA=;Mzk5;
NDkzMjEx;0KbQtdC90YLRgNCw0LvRjNC90L4t0KHQuNCx0LjRgNGB0LrQsNGPINGC0L7RgNCz0L7QstC+LdC/0YDQvtC80YvRiNC70LXQvdC90LDRjyDQv9Cw0LvQsNGC0LA=;MTg4;
NDkzMjEx;0KbQtdC90YLRgNCw0LvRjNC90L4t0KHQuNCx0LjRgNGB0LrQsNGPINGC0L7RgNCz0L7QstC+LdC/0YDQvtC80YvRiNC70LXQvdC90LDRjyDQv9Cw0LvQsNGC0LA=;MzY2;
NDkzMjEx;0KbQtdC90YLRgNCw0LvRjNC90L4t0KHQuNCx0LjRgNGB0LrQsNGPINGC0L7RgNCz0L7QstC+LdC/0YDQvtC80YvRiNC70LXQvdC90LDRjyDQv9Cw0LvQsNGC0LA=;Mzgy;
NDkzMjEx;0KbQtdC90YLRgNCw0LvRjNC90L4t0KHQuNCx0LjRgNGB0LrQsNGPINGC0L7RgNCz0L7QstC+LdC/0YDQvtC80YvRiNC70LXQvdC90LDRjyDQv9Cw0LvQsNGC0LA=;Mzg0;
NDkzMjEx;0KbQtdC90YLRgNCw0LvRjNC90L4t0KHQuNCx0LjRgNGB0LrQsNGPINGC0L7RgNCz0L7QstC+LdC/0YDQvtC80YvRiNC70LXQvdC90LDRjyDQv9Cw0LvQsNGC0LA=;Mzk5;
NDkzODIy;0KLQvtGA0LPQvtCy0L4t0L/RgNC+0LzRi9GI0LvQtdC90L3QsNGPINC/0LDQu9Cw0YLQsCDQodGC0LDQstGA0L7Qv9C+0LvRjNGB0LrQvtCz0L4g0LrRgNCw0Y8=;MjA3ODQ=;
NDkzODIy;0KLQvtGA0LPQvtCy0L4t0L/RgNC+0LzRi9GI0LvQtdC90L3QsNGPINC/0LDQu9Cw0YLQsCDQodGC0LDQstGA0L7Qv9C+0LvRjNGB0LrQvtCz0L4g0LrRgNCw0Y8=;MTg4;
NDkzODIy;0KLQvtGA0LPQvtCy0L4t0L/RgNC+0LzRi9GI0LvQtdC90L3QsNGPINC/0LDQu9Cw0YLQsCDQodGC0LDQstGA0L7Qv9C+0LvRjNGB0LrQvtCz0L4g0LrRgNCw0Y8=;MzY2;
NDkzODIy;0KLQvtGA0LPQvtCy0L4t0L/RgNC+0LzRi9GI0LvQtdC90L3QsNGPINC/0LDQu9Cw0YLQsCDQodGC0LDQstGA0L7Qv9C+0LvRjNGB0LrQvtCz0L4g0LrRgNCw0Y8=;Mzgy;
NDkzODIy;0KLQvtGA0LPQvtCy0L4t0L/RgNC+0LzRi9GI0LvQtdC90L3QsNGPINC/0LDQu9Cw0YLQsCDQodGC0LDQstGA0L7Qv9C+0LvRjNGB0LrQvtCz0L4g0LrRgNCw0Y8=;Mzg0;
NDkzODIy;0KLQvtGA0LPQvtCy0L4t0L/RgNC+0LzRi9GI0LvQtdC90L3QsNGPINC/0LDQu9Cw0YLQsCDQodGC0LDQstGA0L7Qv9C+0LvRjNGB0LrQvtCz0L4g0LrRgNCw0Y8=;Mzk5;
NDk0MTI0;0JTQtdC70L7QstC+0Lkg0KbQtdC90YLRgCDQrdC60L7QvdC+0LzQuNGH0LXRgdC60L7Qs9C+INCg0LDQt9Cy0LjRgtC40Y8g0JrRi9GA0LPRi9C30YHRgtCw0L3QsA==;MTg4;
NDk0MTI0;0JTQtdC70L7QstC+0Lkg0KbQtdC90YLRgCDQrdC60L7QvdC+0LzQuNGH0LXRgdC60L7Qs9C+INCg0LDQt9Cy0LjRgtC40Y8g0JrRi9GA0LPRi9C30YHRgtCw0L3QsA==;MjA4NDU=;
NDk0MTI0;0JTQtdC70L7QstC+0Lkg0KbQtdC90YLRgCDQrdC60L7QvdC+0LzQuNGH0LXRgdC60L7Qs9C+INCg0LDQt9Cy0LjRgtC40Y8g0JrRi9GA0LPRi9C30YHRgtCw0L3QsA==;MzY2;
NDk0MTI0;0JTQtdC70L7QstC+0Lkg0KbQtdC90YLRgCDQrdC60L7QvdC+0LzQuNGH0LXRgdC60L7Qs9C+INCg0LDQt9Cy0LjRgtC40Y8g0JrRi9GA0LPRi9C30YHRgtCw0L3QsA==;Mzgy;
NDk0MTI0;0JTQtdC70L7QstC+0Lkg0KbQtdC90YLRgCDQrdC60L7QvdC+0LzQuNGH0LXRgdC60L7Qs9C+INCg0LDQt9Cy0LjRgtC40Y8g0JrRi9GA0LPRi9C30YHRgtCw0L3QsA==;Mzg0;
NDk0MTI0;0JTQtdC70L7QstC+0Lkg0KbQtdC90YLRgCDQrdC60L7QvdC+0LzQuNGH0LXRgdC60L7Qs9C+INCg0LDQt9Cy0LjRgtC40Y8g0JrRi9GA0LPRi9C30YHRgtCw0L3QsA==;Mzk5;
NDk0MTI0;0JTQtdC70L7QstC+0Lkg0KbQtdC90YLRgCDQrdC60L7QvdC+0LzQuNGH0LXRgdC60L7Qs9C+INCg0LDQt9Cy0LjRgtC40Y8g0JrRi9GA0LPRi9C30YHRgtCw0L3QsA==;MjA4MjA=;
NDk0NDQ5;0KLQvtGA0LPQvtCy0L4t0L/RgNC+0LzRi9GI0LvQtdC90L3QsNGPINC/0LDQu9Cw0YLQsCDQs9C+0YDQvtC00LAg0JzQsNCz0L3QuNGC0L7Qs9C+0YDRgdC6;MzY2;
NDk0NDQ5;0KLQvtGA0LPQvtCy0L4t0L/RgNC+0LzRi9GI0LvQtdC90L3QsNGPINC/0LDQu9Cw0YLQsCDQs9C+0YDQvtC00LAg0JzQsNCz0L3QuNGC0L7Qs9C+0YDRgdC6;Mzgy;
NDk0NDQ5;0KLQvtGA0LPQvtCy0L4t0L/RgNC+0LzRi9GI0LvQtdC90L3QsNGPINC/0LDQu9Cw0YLQsCDQs9C+0YDQvtC00LAg0JzQsNCz0L3QuNGC0L7Qs9C+0YDRgdC6;Mzg0;
NDk0NDQ5;0KLQvtGA0LPQvtCy0L4t0L/RgNC+0LzRi9GI0LvQtdC90L3QsNGPINC/0LDQu9Cw0YLQsCDQs9C+0YDQvtC00LAg0JzQsNCz0L3QuNGC0L7Qs9C+0YDRgdC6;Mzk5;
NDk0OTYw;0JvQuNCz0LAg0LDRgNCw0LHRgdC60LjRhSDQs9C+0YHRg9C00LDRgNGB0YLQsg==;MTY0MjQ=;
NDk0OTYw;0JvQuNCz0LAg0LDRgNCw0LHRgdC60LjRhSDQs9C+0YHRg9C00LDRgNGB0YLQsg==;MzY2;
NDk0OTYw;0JvQuNCz0LAg0LDRgNCw0LHRgdC60LjRhSDQs9C+0YHRg9C00LDRgNGB0YLQsg==;Mzgy;
NDk0OTYw;0JvQuNCz0LAg0LDRgNCw0LHRgdC60LjRhSDQs9C+0YHRg9C00LDRgNGB0YLQsg==;Mzg0;
NDk0OTYw;0JvQuNCz0LAg0LDRgNCw0LHRgdC60LjRhSDQs9C+0YHRg9C00LDRgNGB0YLQsg==;Mzk5;
NTAxMzE1;0KLQn9CfINCi0Y7QvNC10L3RgdC60L7QuSDQvtCx0LvQsNGB0YLQuA==;MTg4;
NTAxMzE1;0KLQn9CfINCi0Y7QvNC10L3RgdC60L7QuSDQvtCx0LvQsNGB0YLQuA==;MjA5NTA=;
NTAxMzE1;0KLQn9CfINCi0Y7QvNC10L3RgdC60L7QuSDQvtCx0LvQsNGB0YLQuA==;MzY2;
NTAzMzI4;0KPQtNC80YPRgNGC0YHQutCw0Y8g0YLQvtGA0LPQvtCy0L4t0L/RgNC+0LzRi9GI0LvQtdC90L3QsNGPINC/0LDQu9Cw0YLQsA==;MTg4;
NTAzMzI4;0KPQtNC80YPRgNGC0YHQutCw0Y8g0YLQvtGA0LPQvtCy0L4t0L/RgNC+0LzRi9GI0LvQtdC90L3QsNGPINC/0LDQu9Cw0YLQsA==;MjEwMDA=;
NTAzNDQ4;0KLQvtGA0LPQvtCy0L4t0L/RgNC+0LzRi9GI0LvQtdC90L3QsNGPINC/0LDQu9Cw0YLQsCDQmtCw0LHQsNGA0LTQuNC90L4t0JHQsNC70LrQsNGA0YHQutC+0Lkg0KDQtdGB0L/Rg9Cx0LvQuNC60Lg=;MTg4;
NTAzNDQ4;0KLQvtGA0LPQvtCy0L4t0L/RgNC+0LzRi9GI0LvQtdC90L3QsNGPINC/0LDQu9Cw0YLQsCDQmtCw0LHQsNGA0LTQuNC90L4t0JHQsNC70LrQsNGA0YHQutC+0Lkg0KDQtdGB0L/Rg9Cx0LvQuNC60Lg=;MjEwMDE=;
NTU4;0KPQodCf0J8gKNCj0LrRgNCw0LjQvdGB0LrQuNC5INCh0L7RjtC3INC/0YDQvtC80YvRiNC70LXQvdC90LjQutC+0LIg0Lgg0L/RgNC10LTQv9GA0LjQvdC40LzQsNGC0LXQu9C10Lkp;MQ==;
NTU4;0KPQodCf0J8gKNCj0LrRgNCw0LjQvdGB0LrQuNC5INCh0L7RjtC3INC/0YDQvtC80YvRiNC70LXQvdC90LjQutC+0LIg0Lgg0L/RgNC10LTQv9GA0LjQvdC40LzQsNGC0LXQu9C10Lkp;Mzg=;
NTU4;0KPQodCf0J8gKNCj0LrRgNCw0LjQvdGB0LrQuNC5INCh0L7RjtC3INC/0YDQvtC80YvRiNC70LXQvdC90LjQutC+0LIg0Lgg0L/RgNC10LTQv9GA0LjQvdC40LzQsNGC0LXQu9C10Lkp;NDE=;
NTU4;0KPQodCf0J8gKNCj0LrRgNCw0LjQvdGB0LrQuNC5INCh0L7RjtC3INC/0YDQvtC80YvRiNC70LXQvdC90LjQutC+0LIg0Lgg0L/RgNC10LTQv9GA0LjQvdC40LzQsNGC0LXQu9C10Lkp;MTM=;
NTU4;0KPQodCf0J8gKNCj0LrRgNCw0LjQvdGB0LrQuNC5INCh0L7RjtC3INC/0YDQvtC80YvRiNC70LXQvdC90LjQutC+0LIg0Lgg0L/RgNC10LTQv9GA0LjQvdC40LzQsNGC0LXQu9C10Lkp;MTY5;
NTU4;0KPQodCf0J8gKNCj0LrRgNCw0LjQvdGB0LrQuNC5INCh0L7RjtC3INC/0YDQvtC80YvRiNC70LXQvdC90LjQutC+0LIg0Lgg0L/RgNC10LTQv9GA0LjQvdC40LzQsNGC0LXQu9C10Lkp;NzU=;
NTU4;0KPQodCf0J8gKNCj0LrRgNCw0LjQvdGB0LrQuNC5INCh0L7RjtC3INC/0YDQvtC80YvRiNC70LXQvdC90LjQutC+0LIg0Lgg0L/RgNC10LTQv9GA0LjQvdC40LzQsNGC0LXQu9C10Lkp;MzQ2;
NTU4;0KPQodCf0J8gKNCj0LrRgNCw0LjQvdGB0LrQuNC5INCh0L7RjtC3INC/0YDQvtC80YvRiNC70LXQvdC90LjQutC+0LIg0Lgg0L/RgNC10LTQv9GA0LjQvdC40LzQsNGC0LXQu9C10Lkp;MzQ1;
NTU4;0KPQodCf0J8gKNCj0LrRgNCw0LjQvdGB0LrQuNC5INCh0L7RjtC3INC/0YDQvtC80YvRiNC70LXQvdC90LjQutC+0LIg0Lgg0L/RgNC10LTQv9GA0LjQvdC40LzQsNGC0LXQu9C10Lkp;MzQz;
NTU4;0KPQodCf0J8gKNCj0LrRgNCw0LjQvdGB0LrQuNC5INCh0L7RjtC3INC/0YDQvtC80YvRiNC70LXQvdC90LjQutC+0LIg0Lgg0L/RgNC10LTQv9GA0LjQvdC40LzQsNGC0LXQu9C10Lkp;MzY2;
NTU4;0KPQodCf0J8gKNCj0LrRgNCw0LjQvdGB0LrQuNC5INCh0L7RjtC3INC/0YDQvtC80YvRiNC70LXQvdC90LjQutC+0LIg0Lgg0L/RgNC10LTQv9GA0LjQvdC40LzQsNGC0LXQu9C10Lkp;Mzgy;
NTU4;0KPQodCf0J8gKNCj0LrRgNCw0LjQvdGB0LrQuNC5INCh0L7RjtC3INC/0YDQvtC80YvRiNC70LXQvdC90LjQutC+0LIg0Lgg0L/RgNC10LTQv9GA0LjQvdC40LzQsNGC0LXQu9C10Lkp;Mzg0;
NTU4;0KPQodCf0J8gKNCj0LrRgNCw0LjQvdGB0LrQuNC5INCh0L7RjtC3INC/0YDQvtC80YvRiNC70LXQvdC90LjQutC+0LIg0Lgg0L/RgNC10LTQv9GA0LjQvdC40LzQsNGC0LXQu9C10Lkp;Mzk5;
NTU4;0KPQodCf0J8gKNCj0LrRgNCw0LjQvdGB0LrQuNC5INCh0L7RjtC3INC/0YDQvtC80YvRiNC70LXQvdC90LjQutC+0LIg0Lgg0L/RgNC10LTQv9GA0LjQvdC40LzQsNGC0LXQu9C10Lkp;MTgxNTI=;
NzI=;0JzQvtGB0LrQvtCy0YHQutCw0Y8g0YLQvtGA0LPQvtCy0L4t0L/RgNC+0LzRi9GI0LvQtdC90L3QsNGPINC/0LDQu9Cw0YLQsA==;MQ==;
NzI=;0JzQvtGB0LrQvtCy0YHQutCw0Y8g0YLQvtGA0LPQvtCy0L4t0L/RgNC+0LzRi9GI0LvQtdC90L3QsNGPINC/0LDQu9Cw0YLQsA==;MTM=;
NzI=;0JzQvtGB0LrQvtCy0YHQutCw0Y8g0YLQvtGA0LPQvtCy0L4t0L/RgNC+0LzRi9GI0LvQtdC90L3QsNGPINC/0LDQu9Cw0YLQsA==;NzY=;
NzI=;0JzQvtGB0LrQvtCy0YHQutCw0Y8g0YLQvtGA0LPQvtCy0L4t0L/RgNC+0LzRi9GI0LvQtdC90L3QsNGPINC/0LDQu9Cw0YLQsA==;Nzc=;
NzI=;0JzQvtGB0LrQvtCy0YHQutCw0Y8g0YLQvtGA0LPQvtCy0L4t0L/RgNC+0LzRi9GI0LvQtdC90L3QsNGPINC/0LDQu9Cw0YLQsA==;MzY2;
NzI=;0JzQvtGB0LrQvtCy0YHQutCw0Y8g0YLQvtGA0LPQvtCy0L4t0L/RgNC+0LzRi9GI0LvQtdC90L3QsNGPINC/0LDQu9Cw0YLQsA==;Mzgy;
NzI=;0JzQvtGB0LrQvtCy0YHQutCw0Y8g0YLQvtGA0LPQvtCy0L4t0L/RgNC+0LzRi9GI0LvQtdC90L3QsNGPINC/0LDQu9Cw0YLQsA==;Mzg0;
NzI=;0JzQvtGB0LrQvtCy0YHQutCw0Y8g0YLQvtGA0LPQvtCy0L4t0L/RgNC+0LzRi9GI0LvQtdC90L3QsNGPINC/0LDQu9Cw0YLQsA==;Mzk5;
NzI=;0JzQvtGB0LrQvtCy0YHQutCw0Y8g0YLQvtGA0LPQvtCy0L4t0L/RgNC+0LzRi9GI0LvQtdC90L3QsNGPINC/0LDQu9Cw0YLQsA==;MTAxNDU=;
NzI=;0JzQvtGB0LrQvtCy0YHQutCw0Y8g0YLQvtGA0LPQvtCy0L4t0L/RgNC+0LzRi9GI0LvQtdC90L3QsNGPINC/0LDQu9Cw0YLQsA==;MTgxNTI=;
NzQ=;0KHQsNC90LrRgi3Qn9C10YLQtdGA0LHRg9GA0LPRgdC60LDRjyDRgtC+0YDQs9C+0LLQvi3Qv9GA0L7QvNGL0YjQu9C10L3QvdCw0Y8g0L/QsNC70LDRgtCw;MTg4;
NzQ=;0KHQsNC90LrRgi3Qn9C10YLQtdGA0LHRg9GA0LPRgdC60LDRjyDRgtC+0YDQs9C+0LLQvi3Qv9GA0L7QvNGL0YjQu9C10L3QvdCw0Y8g0L/QsNC70LDRgtCw;MQ==;
NzQ=;0KHQsNC90LrRgi3Qn9C10YLQtdGA0LHRg9GA0LPRgdC60LDRjyDRgtC+0YDQs9C+0LLQvi3Qv9GA0L7QvNGL0YjQu9C10L3QvdCw0Y8g0L/QsNC70LDRgtCw;Mzg=;
NzQ=;0KHQsNC90LrRgi3Qn9C10YLQtdGA0LHRg9GA0LPRgdC60LDRjyDRgtC+0YDQs9C+0LLQvi3Qv9GA0L7QvNGL0YjQu9C10L3QvdCw0Y8g0L/QsNC70LDRgtCw;MzA1;
NzQ=;0KHQsNC90LrRgi3Qn9C10YLQtdGA0LHRg9GA0LPRgdC60LDRjyDRgtC+0YDQs9C+0LLQvi3Qv9GA0L7QvNGL0YjQu9C10L3QvdCw0Y8g0L/QsNC70LDRgtCw;MTg0;
NzQ=;0KHQsNC90LrRgi3Qn9C10YLQtdGA0LHRg9GA0LPRgdC60LDRjyDRgtC+0YDQs9C+0LLQvi3Qv9GA0L7QvNGL0YjQu9C10L3QvdCw0Y8g0L/QsNC70LDRgtCw;MTM=;
NzQ=;0KHQsNC90LrRgi3Qn9C10YLQtdGA0LHRg9GA0LPRgdC60LDRjyDRgtC+0YDQs9C+0LLQvi3Qv9GA0L7QvNGL0YjQu9C10L3QvdCw0Y8g0L/QsNC70LDRgtCw;MzY2;
NzQ=;0KHQsNC90LrRgi3Qn9C10YLQtdGA0LHRg9GA0LPRgdC60LDRjyDRgtC+0YDQs9C+0LLQvi3Qv9GA0L7QvNGL0YjQu9C10L3QvdCw0Y8g0L/QsNC70LDRgtCw;Mzgy;
NzQ=;0KHQsNC90LrRgi3Qn9C10YLQtdGA0LHRg9GA0LPRgdC60LDRjyDRgtC+0YDQs9C+0LLQvi3Qv9GA0L7QvNGL0YjQu9C10L3QvdCw0Y8g0L/QsNC70LDRgtCw;Mzg0;
NzQ=;0KHQsNC90LrRgi3Qn9C10YLQtdGA0LHRg9GA0LPRgdC60LDRjyDRgtC+0YDQs9C+0LLQvi3Qv9GA0L7QvNGL0YjQu9C10L3QvdCw0Y8g0L/QsNC70LDRgtCw;Mzk5;
NzQ=;0KHQsNC90LrRgi3Qn9C10YLQtdGA0LHRg9GA0LPRgdC60LDRjyDRgtC+0YDQs9C+0LLQvi3Qv9GA0L7QvNGL0YjQu9C10L3QvdCw0Y8g0L/QsNC70LDRgtCw;Mzgy;
NzQ=;0KHQsNC90LrRgi3Qn9C10YLQtdGA0LHRg9GA0LPRgdC60LDRjyDRgtC+0YDQs9C+0LLQvi3Qv9GA0L7QvNGL0YjQu9C10L3QvdCw0Y8g0L/QsNC70LDRgtCw;MjA3NzE=;
NzQ=;0KHQsNC90LrRgi3Qn9C10YLQtdGA0LHRg9GA0LPRgdC60LDRjyDRgtC+0YDQs9C+0LLQvi3Qv9GA0L7QvNGL0YjQu9C10L3QvdCw0Y8g0L/QsNC70LDRgtCw;MTAxNDU=;
NzYz;0JDRgdGB0L7RhtC40LDRhtC40Y8g0L/RgNC10LTQv9GA0LjQvdC40LzQsNGC0LXQu9C10Lkg0JjQt9GA0LDQuNC70Y8g;Mzg=;
NzYz;0JDRgdGB0L7RhtC40LDRhtC40Y8g0L/RgNC10LTQv9GA0LjQvdC40LzQsNGC0LXQu9C10Lkg0JjQt9GA0LDQuNC70Y8g;MQ==;
NzYz;0JDRgdGB0L7RhtC40LDRhtC40Y8g0L/RgNC10LTQv9GA0LjQvdC40LzQsNGC0LXQu9C10Lkg0JjQt9GA0LDQuNC70Y8g;MTM=;
NzYz;0JDRgdGB0L7RhtC40LDRhtC40Y8g0L/RgNC10LTQv9GA0LjQvdC40LzQsNGC0LXQu9C10Lkg0JjQt9GA0LDQuNC70Y8g;MzY2;
NzYz;0JDRgdGB0L7RhtC40LDRhtC40Y8g0L/RgNC10LTQv9GA0LjQvdC40LzQsNGC0LXQu9C10Lkg0JjQt9GA0LDQuNC70Y8g;Mzgy;
NzYz;0JDRgdGB0L7RhtC40LDRhtC40Y8g0L/RgNC10LTQv9GA0LjQvdC40LzQsNGC0LXQu9C10Lkg0JjQt9GA0LDQuNC70Y8g;Mzg0;
NzYz;0JDRgdGB0L7RhtC40LDRhtC40Y8g0L/RgNC10LTQv9GA0LjQvdC40LzQsNGC0LXQu9C10Lkg0JjQt9GA0LDQuNC70Y8g;Mzk5;
NzYz;0JDRgdGB0L7RhtC40LDRhtC40Y8g0L/RgNC10LTQv9GA0LjQvdC40LzQsNGC0LXQu9C10Lkg0JjQt9GA0LDQuNC70Y8g;MTg4;
NzYz;0JDRgdGB0L7RhtC40LDRhtC40Y8g0L/RgNC10LTQv9GA0LjQvdC40LzQsNGC0LXQu9C10Lkg0JjQt9GA0LDQuNC70Y8g;Njc2NA==;
Nzgz;0JzQuNC90YHQutC+0LUg0L7RgtC00LXQu9C10L3QuNC1INCR0LXQu9C+0YDRg9GB0YHQutC+0Lkg0KLQn9Cf;MTM=;
Nzgz;0JzQuNC90YHQutC+0LUg0L7RgtC00LXQu9C10L3QuNC1INCR0LXQu9C+0YDRg9GB0YHQutC+0Lkg0KLQn9Cf;MQ==;
Nzgz;0JzQuNC90YHQutC+0LUg0L7RgtC00LXQu9C10L3QuNC1INCR0LXQu9C+0YDRg9GB0YHQutC+0Lkg0KLQn9Cf;MzY2;
Nzgz;0JzQuNC90YHQutC+0LUg0L7RgtC00LXQu9C10L3QuNC1INCR0LXQu9C+0YDRg9GB0YHQutC+0Lkg0KLQn9Cf;Mzgy;
Nzgz;0JzQuNC90YHQutC+0LUg0L7RgtC00LXQu9C10L3QuNC1INCR0LXQu9C+0YDRg9GB0YHQutC+0Lkg0KLQn9Cf;Mzg0;
Nzgz;0JzQuNC90YHQutC+0LUg0L7RgtC00LXQu9C10L3QuNC1INCR0LXQu9C+0YDRg9GB0YHQutC+0Lkg0KLQn9Cf;Mzk5;
Nzgz;0JzQuNC90YHQutC+0LUg0L7RgtC00LXQu9C10L3QuNC1INCR0LXQu9C+0YDRg9GB0YHQutC+0Lkg0KLQn9Cf;MTY0MjQ=;
ODA=;0KLQvtGA0LPQvtCy0L4t0L/RgNC+0LzRi9GI0LvQtdC90L3QsNGPINC/0LDQu9Cw0YLQsCDQoNC10YHQv9GD0LHQu9C40LrQuCDQnNC+0LvQtNC+0LLQsCA=;MjA5NDI=;
ODA=;0KLQvtGA0LPQvtCy0L4t0L/RgNC+0LzRi9GI0LvQtdC90L3QsNGPINC/0LDQu9Cw0YLQsCDQoNC10YHQv9GD0LHQu9C40LrQuCDQnNC+0LvQtNC+0LLQsCA=;MjEwMDI=;
OTU0;0KLQvtGA0LPQvtCy0L4t0L/RgNC+0LzRi9GI0LvQtdC90L3QsNGPINC/0LDQu9Cw0YLQsCDQrdGB0YLQvtC90LjQuA==;MQ==;
OTU0;0KLQvtGA0LPQvtCy0L4t0L/RgNC+0LzRi9GI0LvQtdC90L3QsNGPINC/0LDQu9Cw0YLQsCDQrdGB0YLQvtC90LjQuA==;MzY2;
OTU0;0KLQvtGA0LPQvtCy0L4t0L/RgNC+0LzRi9GI0LvQtdC90L3QsNGPINC/0LDQu9Cw0YLQsCDQrdGB0YLQvtC90LjQuA==;Mzgy;
OTU0;0KLQvtGA0LPQvtCy0L4t0L/RgNC+0LzRi9GI0LvQtdC90L3QsNGPINC/0LDQu9Cw0YLQsCDQrdGB0YLQvtC90LjQuA==;Mzg0;
OTU0;0KLQvtGA0LPQvtCy0L4t0L/RgNC+0LzRi9GI0LvQtdC90L3QsNGPINC/0LDQu9Cw0YLQsCDQrdGB0YLQvtC90LjQuA==;Mzk5;
OTU0;0KLQvtGA0LPQvtCy0L4t0L/RgNC+0LzRi9GI0LvQtdC90L3QsNGPINC/0LDQu9Cw0YLQsCDQrdGB0YLQvtC90LjQuA==;MTg3NTQ=;
OTU1;0KLQvtGA0LPQvtCy0L4t0L/RgNC+0LzRi9GI0LvQtdC90L3QsNGPINC/0LDQu9Cw0YLQsCDQm9C40YLQstGL;MQ==;
OTU1;0KLQvtGA0LPQvtCy0L4t0L/RgNC+0LzRi9GI0LvQtdC90L3QsNGPINC/0LDQu9Cw0YLQsCDQm9C40YLQstGL;MzY2;
OTU1;0KLQvtGA0LPQvtCy0L4t0L/RgNC+0LzRi9GI0LvQtdC90L3QsNGPINC/0LDQu9Cw0YLQsCDQm9C40YLQstGL;Mzgy;
OTU1;0KLQvtGA0LPQvtCy0L4t0L/RgNC+0LzRi9GI0LvQtdC90L3QsNGPINC/0LDQu9Cw0YLQsCDQm9C40YLQstGL;Mzg0;
OTU1;0KLQvtGA0LPQvtCy0L4t0L/RgNC+0LzRi9GI0LvQtdC90L3QsNGPINC/0LDQu9Cw0YLQsCDQm9C40YLQstGL;Mzk5;
